{
  "status": 1,
  "msg": "",
  "payload": {
    "isApprovalFlow": true,
    "isEdit": true,
    "title": "离职申请",
    "baseData": {
      "cols": "4",
      "itemData": ""
    },
    "moreData": [{
      "groupName": "基本信息",
      "group_Display": true,
      "itemData": [{
        "name": "编号",
        "value": "HRLZ202012-000228",
        "key": "ID",
        "selector": "hidden",
        "realvalue": "HRLZ202012-000228"
      }, {
        "name": "工号",
        "value": "06226",
        "key": "gonghao",
        "selector": "display-default",
        "realvalue": "HR2020-000041"
      }, {
        "name": "姓名",
        "value": "测试1123-1",
        "key": "xingming",
        "selector": "display-default",
        "realvalue": "测试1123-1"
      }, {
        "name": "所在部门",
        "value": "A252,A252B17800,A252B17800C21000",
        "key": "suozaibumen",
        "selector": "hidden",
        "realvalue": "A252,A252B17800,A252B17800C21000"
      }, {
        "name": "一级部门",
        "value": "A252",
        "key": "yjbmid",
        "selector": "hidden",
        "realvalue": "A252"
      }, {
        "name": "一级部门名称",
        "value": "全筑智慧科技集团",
        "key": "yjbmmc",
        "selector": "hidden",
        "realvalue": "全筑智慧科技集团"
      }, {
        "name": "二级部门",
        "value": "A252B17800",
        "key": "ejbmid",
        "selector": "hidden",
        "realvalue": "A252B17800"
      }, {
        "name": "二级部门名称",
        "value": "智能云事业部",
        "key": "ejbmmc",
        "selector": "hidden",
        "realvalue": "智能云事业部"
      }, {
        "name": "三级部门",
        "value": "A252B17800C21000",
        "key": "sjbmid",
        "selector": "hidden",
        "realvalue": "A252B17800C21000"
      }, {
        "name": "三级部门名称",
        "value": "产品开发部",
        "key": "sjbmmc",
        "selector": "hidden",
        "realvalue": "产品开发部"
      }, {
        "name": "四級部门",
        "value": "",
        "key": "sijibmid",
        "selector": "hidden",
        "realvalue": ""
      }, {
        "name": "四级部门名称",
        "value": "",
        "key": "sijibmmc",
        "selector": "hidden",
        "realvalue": ""
      }, {
        "name": "五级部门",
        "value": "",
        "key": "wjbmid",
        "selector": "hidden",
        "realvalue": ""
      }, {
        "name": "五级部门名称",
        "value": "",
        "key": "wjbmmc",
        "selector": "hidden",
        "realvalue": ""
      }, {
        "name": "部门",
        "value": "全筑智慧科技集团\/智能云事业部\/产品开发部",
        "key": "suozaibumen_name",
        "selector": "display-default",
        "realvalue": "全筑智慧科技集团\/智能云事业部\/产品开发部"
      }, {
        "name": "岗位",
        "value": "运营",
        "key": "gangwei",
        "selector": "display-default",
        "realvalue": "运营"
      }, {
        "name": "职级",
        "value": "S11",
        "key": "zhiji",
        "selector": "display-default",
        "realvalue": "S11"
      }, {
        "name": "是否主动离职",
        "value": "是",
        "key": "sfzdlz",
        "selector": "hidden",
        "realvalue": "是"
      }, {
        "name": "党员关系是否",
        "value": "是",
        "key": "dygxsfzqz",
        "selector": "display-default",
        "realvalue": "是"
      }, {
        "name": "离职原因",
        "value": "企业文化",
        "key": "lzyy",
        "selector": "hidden",
        "realvalue": "企业文化"
      }, {
        "name": "原因说明",
        "value": "413231231231231",
        "key": "yysm",
        "selector": "hidden",
        "realvalue": "413231231231231"
      }, {
        "name": "申请工作截止",
        "value": "2020-12-31",
        "key": "gzjzr",
        "selector": "display-date",
        "realvalue": "2020-12-31"
      }]
    }, {
      "groupName": "部门审核",
      "group_Display": true,
      "itemData": [{
        "name": "部门长",
        "value": "陈毅强",
        "key": "bmzbh",
        "selector": "hidden",
        "realvalue": "07072"
      }, {
        "name": "部门长名称",
        "value": "陈毅强",
        "key": "bumenzhang",
        "selector": "hidden",
        "realvalue": "陈毅强"
      }, {
        "name": "确认工作截止",
        "value": "2020-12-31",
        "key": "qrgzjzr",
        "selector": "display-date",
        "realvalue": "2020-12-31"
      }, {
        "name": "企业账号保留",
        "value": "2020-12-31",
        "key": "qyzhjzr",
        "selector": "display-date",
        "realvalue": "2020-12-31"
      }, {
        "name": "工资截止日",
        "value": "2020-12-31",
        "key": "gzijzr",
        "selector": "display-date",
        "realvalue": "2020-12-31"
      }, {
        "name": "交接人1",
        "value": "崔鹏飞",
        "key": "jjr1",
        "selector": "display-default",
        "realvalue": "06319"
      }, {
        "name": "交接人2",
        "value": "-",
        "key": "jjr2",
        "selector": "display-default",
        "realvalue": "-"
      }, {
        "name": "交接人3",
        "value": "-",
        "key": "jjr3",
        "selector": "display-default",
        "realvalue": "-"
      }, {
        "name": "其他说明",
        "value": "如社保有特殊需求，请在此填写",
        "key": "qtsm",
        "selector": "display-default",
        "realvalue": "如社保有特殊需求，请在此填写"
      }]
    }, {
      "groupName": "财务审核(交接事项请勾选所有选项)",
      "group_Display": false,
      "itemData": [{
        "name": "财务经办人",
        "value": "杨天智",
        "key": "cwjbr",
        "selector": "display-default",
        "realvalue": "05155"
      }, {
        "name": "财务经办人所",
        "value": "全筑股份",
        "key": "cwjbrssz",
        "selector": "hidden",
        "realvalue": "全筑股份"
      }, {
        "name": "财务交接事项",
        "value": "",
        "key": "cwjjsx",
        "selector": "hidden",
        "realvalue": ""
      }, {
        "name": "无个人借款",
        "value": "",
        "key": "cwjjsx1",
        "selector": "display-default",
        "realvalue": ""
      }, {
        "name": "备用金已结清",
        "value": "",
        "key": "cwjjsx2",
        "selector": "display-default",
        "realvalue": ""
      }, {
        "name": "财务代办情况",
        "value": "无特殊情况，可不用填写。",
        "key": "cwdbqk",
        "selector": "display-default",
        "realvalue": "无特殊情况，可不用填写。"
      }, {
        "name": "财务交接状态",
        "value": "已完成",
        "key": "cwjjzt",
        "selector": "display-default",
        "realvalue": "已完成"
      }]
    }, {
      "groupName": "行政审核(交接事项请勾选所有选项)",
      "group_Display": false,
      "itemData": [{
        "name": "行政经办人",
        "value": "谷明钰",
        "key": "xzjbr",
        "selector": "display-default",
        "realvalue": "HR2020-000031"
      }, {
        "name": "固定资产确定",
        "value": "",
        "key": "xzjjsx1",
        "selector": "display-default",
        "realvalue": ""
      }, {
        "name": "行政代办情况",
        "value": "无特殊情况，可不用填写。",
        "key": "xzdbqk",
        "selector": "display-default",
        "realvalue": "无特殊情况，可不用填写。"
      }, {
        "name": "行政经办人2",
        "value": "戴江凯",
        "key": "xzjbr2",
        "selector": "display-default",
        "realvalue": "HR2020-000032"
      }, {
        "name": "无外借的档案",
        "value": "",
        "key": "xzjjsx2",
        "selector": "display-default",
        "realvalue": ""
      }, {
        "name": "行政代办情况",
        "value": "无特殊情况，可不用填写。",
        "key": "xzdbqk2",
        "selector": "display-default",
        "realvalue": "无特殊情况，可不用填写。"
      }, {
        "name": "行政经办人3",
        "value": "-",
        "key": "xzjbr3",
        "selector": "hidden",
        "realvalue": "-"
      }, {
        "name": "行政经办人所",
        "value": "",
        "key": "xzjbrssz",
        "selector": "hidden",
        "realvalue": ""
      }, {
        "name": "行政交接事项",
        "value": "",
        "key": "xzjjsx",
        "selector": "hidden",
        "realvalue": ""
      }, {
        "name": "行政交接状态",
        "value": "未完成",
        "key": "xzjjzt",
        "selector": "display-default",
        "realvalue": "未完成"
      }]
    }, {
      "groupName": "审计审核(交接事项请勾选所有选项)",
      "group_Display": false,
      "itemData": [{
        "name": "审计经办人",
        "value": "王审计",
        "key": "sjjbr",
        "selector": "display-default",
        "realvalue": "HR2020-000050"
      }, {
        "name": "审计经办人所",
        "value": "",
        "key": "sjjbrssz",
        "selector": "hidden",
        "realvalue": ""
      }, {
        "name": "审计交接事项",
        "value": "",
        "key": "sjjjsx",
        "selector": "hidden",
        "realvalue": ""
      }, {
        "name": "无借款",
        "value": "",
        "key": "sjjjsx1",
        "selector": "display-default",
        "realvalue": ""
      }, {
        "name": "无正在审计中",
        "value": "",
        "key": "sjjjsx2",
        "selector": "display-default",
        "realvalue": ""
      }, {
        "name": "审计代办情况",
        "value": "无特殊情况，可不用填写。",
        "key": "sjdbqk",
        "selector": "display-default",
        "realvalue": "无特殊情况，可不用填写。"
      }, {
        "name": "审计交接状态",
        "value": "已完成",
        "key": "sjjjzt",
        "selector": "display-default",
        "realvalue": "已完成"
      }]
    }, {
      "groupName": "党支部审核(交接事项请勾选所有选项)",
      "group_Display": false,
      "itemData": [{
        "name": "党支部经办人",
        "value": "王林",
        "key": "dzbjbr",
        "selector": "display-default",
        "realvalue": "15684548921"
      }, {
        "name": "党支部经办人",
        "value": "",
        "key": "dzbjbrssz",
        "selector": "hidden",
        "realvalue": ""
      }, {
        "name": "是否完成党组",
        "value": "",
        "key": "dzbjjsx",
        "selector": "display-default",
        "realvalue": ""
      }, {
        "name": "党支部代办情",
        "value": "无特殊情况，可不用填写。",
        "key": "dzbdbqk",
        "selector": "display-default",
        "realvalue": "无特殊情况，可不用填写。"
      }, {
        "name": "党支部交接状",
        "value": "未完成",
        "key": "dzbjjzt",
        "selector": "display-default",
        "realvalue": "未完成"
      }]
    }, {
      "groupName": "信息部审核(交接事项请勾选所有选项)",
      "group_Display": true,
      "itemData": [{
        "name": "信息部经办人",
        "value": "李信息",
        "key": "xxbjbr",
        "selector": "display-default",
        "realvalue": "HR2020-000048"
      }, {
        "name": "信息部经办人",
        "value": "",
        "key": "xxbjbrssz",
        "selector": "hidden",
        "realvalue": ""
      }, {
        "name": "信息部交接事",
        "value": "",
        "key": "xxbjjsx",
        "selector": "hidden",
        "realvalue": ""
      }, {
        "name": "OA账号关闭",
        "value": "",
        "key": "xxbjjsx1",
        "selector": "display-default",
        "realvalue": ""
      }, {
        "name": "邮箱关闭",
        "value": "",
        "key": "xxbjjsx2",
        "selector": "display-default",
        "realvalue": ""
      }, {
        "name": "业务系统账号",
        "value": "",
        "key": "xxbjjsx3",
        "selector": "display-default",
        "realvalue": ""
      }, {
        "name": "域账号关闭",
        "value": "",
        "key": "xxbjjsx4",
        "selector": "display-default",
        "realvalue": ""
      }, {
        "name": "钉钉微信企业",
        "value": "",
        "key": "xxbjjsx5",
        "selector": "display-default",
        "realvalue": ""
      }, {
        "name": "门禁卡回收",
        "value": "",
        "key": "xxbjjsx6",
        "selector": "display-default",
        "realvalue": ""
      }, {
        "name": "信息部代办情",
        "value": "无特殊情况，可不用填写。",
        "key": "xxbdbqk",
        "selector": "display-default",
        "realvalue": "无特殊情况，可不用填写。"
      }, {
        "name": "信息部交接状",
        "value": "未完成",
        "key": "xxbjjzt",
        "selector": "display-default",
        "realvalue": "未完成"
      }]
    }, {
      "groupName": "人力资源中心审核(交接事项请勾选所有选项)",
      "group_Display": false,
      "itemData": [{
        "name": "人力资源中心",
        "value": "周人力",
        "key": "rlzyzxjbr",
        "selector": "display-default",
        "realvalue": "HR2020-000049"
      }, {
        "name": "社保交至",
        "value": "",
        "key": "sbhgjjjz",
        "selector": "display-default",
        "realvalue": ""
      }, {
        "name": "人力经办人所",
        "value": "",
        "key": "rljbrssz",
        "selector": "hidden",
        "realvalue": ""
      }, {
        "name": "人力交接事项",
        "value": "",
        "key": "rljjsx",
        "selector": "hidden",
        "realvalue": ""
      }, {
        "name": "人力资源中心",
        "value": "无特殊情况，可不用填写。",
        "key": "rlzyzxdbqk",
        "selector": "display-default",
        "realvalue": "无特殊情况，可不用填写。"
      }, {
        "name": "人力交接状态",
        "value": "已完成",
        "key": "rljjzt",
        "selector": "display-default",
        "realvalue": "已完成"
      }]
    }, {
      "groupName": "系统信息",
      "group_Display": true,
      "itemData": [{
        "name": "创建用户",
        "value": "HR2020-000041",
        "key": "createuser",
        "selector": "display-default",
        "realvalue": "HR2020-000041"
      }, {
        "name": "创建用户姓名",
        "value": "测试1123-1",
        "key": "cjyhxm",
        "selector": "display-default",
        "realvalue": "测试1123-1"
      }, {
        "name": "创建日期",
        "value": "2020-12-17 13:26:19",
        "key": "created_at",
        "selector": "display-datetime",
        "realvalue": "2020-12-17 13:26:19"
      }, {
        "name": "修改用户",
        "value": "062355",
        "key": "modifyuser",
        "selector": "display-default",
        "realvalue": "062355"
      }, {
        "name": "修改用户姓名",
        "value": "周人力",
        "key": "xgyhxm",
        "selector": "display-default",
        "realvalue": "周人力"
      }, {
        "name": "修改日期",
        "value": "2020-12-17 16:18:55",
        "key": "updated_at",
        "selector": "display-datetime",
        "realvalue": "2020-12-17 16:18:55"
      }, {
        "name": "所属组",
        "value": "",
        "key": "groupname",
        "selector": "hidden",
        "realvalue": ""
      }, {
        "name": "建档日期",
        "value": "",
        "key": "jdrq",
        "selector": "hidden",
        "realvalue": ""
      }, {
        "name": "审批状态",
        "value": "审批中",
        "key": "spzt",
        "selector": "hidden",
        "realvalue": "1"
      }, {
        "name": "政治面貌",
        "value": "党员",
        "key": "zzmm",
        "selector": "hidden",
        "realvalue": "党员"
      }, {
        "name": "创建用户角色",
        "value": "普通员工",
        "key": "cjyhjs",
        "selector": "hidden",
        "realvalue": "普通员工"
      }, {
        "name": "职级1",
        "value": "11.0",
        "key": "zhiji1",
        "selector": "hidden",
        "realvalue": "11.0"
      }, {
        "name": "离职前置审批",
        "value": "",
        "key": "lzqzsprbh",
        "selector": "hidden",
        "realvalue": ""
      }, {
        "name": "离职前置审批",
        "value": "",
        "key": "lzqzspr",
        "selector": "hidden",
        "realvalue": ""
      }, {
        "name": "分管副总",
        "value": "",
        "key": "fgfzbh",
        "selector": "hidden",
        "realvalue": ""
      }, {
        "name": "分管副总名称",
        "value": "朱炜",
        "key": "fgfz",
        "selector": "hidden",
        "realvalue": "朱炜"
      }, {
        "name": "经营单位1",
        "value": "",
        "key": "fgfz1",
        "selector": "hidden",
        "realvalue": ""
      }, {
        "name": "经营单位2",
        "value": "",
        "key": "fgfz2",
        "selector": "hidden",
        "realvalue": ""
      }, {
        "name": "入职日期",
        "value": "2020-11-24",
        "key": "ruzhiriqi",
        "selector": "hidden",
        "realvalue": "2020-11-24"
      }, {
        "name": "性别",
        "value": "男",
        "key": "xingbie",
        "selector": "hidden",
        "realvalue": "M"
      }, {
        "name": "星级",
        "value": "A0001",
        "key": "xingji",
        "selector": "hidden",
        "realvalue": "A0001"
      }, {
        "name": "联系电话",
        "value": "18516073359",
        "key": "lxdh",
        "selector": "hidden",
        "realvalue": "18516073359"
      }, {
        "name": "上级领导",
        "value": "04563",
        "key": "sjld",
        "selector": "hidden",
        "realvalue": "04563"
      }, {
        "name": "考勤上级",
        "value": "",
        "key": "kqsj",
        "selector": "hidden",
        "realvalue": ""
      }, {
        "name": "共享用户",
        "value": "",
        "key": "allianceusers",
        "selector": "hidden",
        "realvalue": ""
      }]
    }],
    "chilerenData": [],
    "Extra": [],
    "relevantModuleData": [],
    "approvalData": {
      "isShowSubmitBtn": false,
      "baseOpenFiled": [{
        "key": "xxbjjsx1"
      }, {
        "key": "xxbjjsx2"
      }, {
        "key": "xxbjjsx3"
      }, {
        "key": "xxbjjsx4"
      }, {
        "key": "xxbjjsx5"
      }, {
        "key": "xxbjjsx6"
      }, {
        "key": "xxbdbqk"
      }],
      "chilerenOpenFiled": [],
      "logData": [{
        "user": "内外部交接审批 - ",
        "result": "wait",
        "users": ["行政审批 - now_realname", "党支部审批 - now_realname", "信息部审批 - now_realname", "业务系统审批 - now_realname", "交接人审批 - now_realname", "行政审批 - now_realname"],
        "message": "",
        "date": "2020-12-17 16:53:25"
      }, {
        "user": "人力资源中心审批 - 周人力",
        "result": "yes",
        "message": "",
        "date": "2020-12-17 16:19:06"
      }, {
        "user": "财务审批 - 杨天智",
        "result": "yes",
        "message": "",
        "date": "2020-12-17 16:17:40"
      }, {
        "user": "审计审批 - 王审计",
        "result": "yes",
        "message": "",
        "date": "2020-12-17 15:50:38"
      }, {
        "user": "用人部门审批 - 陈毅强",
        "result": "yes",
        "message": "",
        "date": "2020-12-17 15:47:38"
      }, {
        "user": "测试1123-1",
        "result": "start",
        "message": "",
        "date": "2020-12-17 14:49:31"
      }],
      "rejectData": [{
        "value": -1,
        "label": "驳回至发起人"
      }],
      "isSubmit": false,
      "isApprovalPending": true,
      "isComplete": false,
      "approvalStatus": 1,
      "approvalerData": [{
        "value": "07072",
        "label": "07072",
        "name": "陈毅强"
      }]
    },
    "Calculation": [{
      "code": "if((string)(M.cjyhjs) != '系统管理员' && (string)(M.gonghao) == ''){\n    var createuser  = (string)(M.createuser);\n    showRelevant('gonghao',createuser,'t_yuangongxinxi.ID');\n}",
      "field": "",
      "call_type": 3
    }, {
      "code": "if((string)(M.createuser)==(string)(M.sjjbr)||(string)(M.createuser)==(string)(M.dzbjbr)||(string)(M.createuser)==(string)(M.xxbjbr)||(string)(M.createuser)==(string)(M.rlzyzxjbr)||(string)(M.createuser)==(string)(M.lzqzsprbh)){\n    alert('对不起，您在离职流程中是审批人，请先联系人力资源部门进行更改后，再进行提交！');\n    return false;\n}",
      "field": "",
      "call_type": 5
    }, {
      "code": "var str=(string)(M.suozaibumen);\nvar arr=str.split(\",\");\nif(str != ''){\n    VueVNode.tempData.suozaibumen=arr;\n}",
      "field": "suozaibumen",
      "call_type": 0
    }],
    "Dynamic_Form": [{
      "field": "cjyhjs",
      "condition": "",
      "con_val": "",
      "custom_cond": "M.cjyhjs != '系统管理员' ",
      "dynamic_fields": [{
        "field": ["lizhishenqing.xml", "gonghao"],
        "hidden": "false",
        "required": "false",
        "readonly": "true",
        "message": "必填",
        "hideclear": "false"
      }],
      "Son_Table": [],
      "show_text": "【创建用户角色】【不等于】【系统管理员】",
      "config": [{
        "id": 0,
        "type": 0,
        "field": ["t_lizhishenqing", "cjyhjs"],
        "field_type": "varchar",
        "condition": 5,
        "field_value": "系统管理员",
        "workflow": false,
        "display_group": {
          "field": "【创建用户角色】",
          "condition": "【不等于】",
          "field_value": "【系统管理员】",
          "type": ""
        },
        "children": [],
        "workflow_config": {
          "check": false,
          "tableData": [],
          "search_workflow": "",
          "pages_config": {
            "page": 1,
            "page_size": 10,
            "total": 0
          }
        }
      }]
    }, {
      "field": "dygxsfzqz",
      "condition": "",
      "con_val": "",
      "custom_cond": "M.dygxsfzqz != '是' ",
      "dynamic_fields": [{
        "field": ["lizhishenqing.xml", "dzbjjzt"],
        "hidden": "true",
        "required": "false",
        "readonly": "true",
        "message": "必填",
        "hideclear": "false"
      }, {
        "field": ["lizhishenqing.xml", "dzbjbr"],
        "hidden": "true",
        "required": "false",
        "readonly": "true",
        "message": "必填",
        "hideclear": "false"
      }, {
        "field": ["lizhishenqing.xml", "dzbjjsx"],
        "hidden": "true",
        "required": "false",
        "readonly": "true",
        "message": "必填",
        "hideclear": "false"
      }, {
        "field": ["lizhishenqing.xml", "dzbdbqk"],
        "hidden": "true",
        "required": "false",
        "readonly": "true",
        "message": "必填",
        "hideclear": "false"
      }],
      "Son_Table": [],
      "show_text": "【党员关系是否在全筑】【不等于】【是】",
      "config": [{
        "id": 0,
        "type": 0,
        "field": ["t_lizhishenqing", "dygxsfzqz"],
        "field_type": "varchar",
        "condition": 5,
        "field_value": "是",
        "workflow": false,
        "display_group": {
          "field": "【党员关系是否在全筑】",
          "condition": "【不等于】",
          "field_value": "【是】",
          "type": ""
        },
        "children": [],
        "workflow_config": {
          "check": false,
          "tableData": [],
          "search_workflow": "",
          "pages_config": {
            "page": 1,
            "page_size": 10,
            "total": 0
          }
        }
      }]
    }, {
      "field": "spzt",
      "condition": 0,
      "con_val": 4,
      "custom_cond": "",
      "dynamic_fields": [{
        "field": ["lizhishenqing.xml", "qrgzjzr"],
        "hidden": "true",
        "required": "false",
        "readonly": "false",
        "message": "必填",
        "hideclear": "false"
      }, {
        "field": ["lizhishenqing.xml", "qyzhjzr"],
        "hidden": "true",
        "required": "false",
        "readonly": "false",
        "message": "必填",
        "hideclear": "false"
      }, {
        "field": ["lizhishenqing.xml", "gzijzr"],
        "hidden": "true",
        "required": "false",
        "readonly": "false",
        "message": "必填",
        "hideclear": "false"
      }, {
        "field": ["lizhishenqing.xml", "jjr1"],
        "hidden": "true",
        "required": "false",
        "readonly": "false",
        "message": "必填",
        "hideclear": "false"
      }, {
        "field": ["lizhishenqing.xml", "jjr2"],
        "hidden": "true",
        "required": "false",
        "readonly": "false",
        "message": "必填",
        "hideclear": "false"
      }, {
        "field": ["lizhishenqing.xml", "jjr3"],
        "hidden": "true",
        "required": "false",
        "readonly": "false",
        "message": "必填",
        "hideclear": "false"
      }, {
        "field": ["lizhishenqing.xml", "qtsm"],
        "hidden": "true",
        "required": "false",
        "readonly": "false",
        "message": "必填",
        "hideclear": "false"
      }, {
        "field": ["lizhishenqing.xml", "cwjbr"],
        "hidden": "true",
        "required": "false",
        "readonly": "false",
        "message": "必填",
        "hideclear": "false"
      }, {
        "field": ["lizhishenqing.xml", "cwjjsx1"],
        "hidden": "true",
        "required": "false",
        "readonly": "false",
        "message": "必填",
        "hideclear": "false"
      }, {
        "field": ["lizhishenqing.xml", "cwjjsx2"],
        "hidden": "true",
        "required": "false",
        "readonly": "false",
        "message": "必填",
        "hideclear": "false"
      }, {
        "field": ["lizhishenqing.xml", "cwdbqk"],
        "hidden": "true",
        "required": "false",
        "readonly": "false",
        "message": "必填",
        "hideclear": "false"
      }, {
        "field": ["lizhishenqing.xml", "cwjjzt"],
        "hidden": "true",
        "required": "false",
        "readonly": "false",
        "message": "必填",
        "hideclear": "false"
      }, {
        "field": ["lizhishenqing.xml", "xzjbr"],
        "hidden": "true",
        "required": "false",
        "readonly": "false",
        "message": "必填",
        "hideclear": "false"
      }, {
        "field": ["lizhishenqing.xml", "xzjjsx1"],
        "hidden": "true",
        "required": "false",
        "readonly": "false",
        "message": "必填",
        "hideclear": "false"
      }, {
        "field": ["lizhishenqing.xml", "xzdbqk"],
        "hidden": "true",
        "required": "false",
        "readonly": "false",
        "message": "必填",
        "hideclear": "false"
      }, {
        "field": ["lizhishenqing.xml", "xzjbr2"],
        "hidden": "true",
        "required": "false",
        "readonly": "false",
        "message": "必填",
        "hideclear": "false"
      }, {
        "field": ["lizhishenqing.xml", "xzjjsx2"],
        "hidden": "true",
        "required": "false",
        "readonly": "false",
        "message": "必填",
        "hideclear": "false"
      }, {
        "field": ["lizhishenqing.xml", "xzdbqk2"],
        "hidden": "true",
        "required": "false",
        "readonly": "false",
        "message": "必填",
        "hideclear": "false"
      }, {
        "field": ["lizhishenqing.xml", "xzjjzt"],
        "hidden": "true",
        "required": "false",
        "readonly": "false",
        "message": "必填",
        "hideclear": "false"
      }, {
        "field": ["lizhishenqing.xml", "sjjbr"],
        "hidden": "true",
        "required": "false",
        "readonly": "false",
        "message": "必填",
        "hideclear": "false"
      }, {
        "field": ["lizhishenqing.xml", "sjjjsx1"],
        "hidden": "true",
        "required": "false",
        "readonly": "false",
        "message": "必填",
        "hideclear": "false"
      }, {
        "field": ["lizhishenqing.xml", "sjjjsx2"],
        "hidden": "true",
        "required": "false",
        "readonly": "false",
        "message": "必填",
        "hideclear": "false"
      }, {
        "field": ["lizhishenqing.xml", "sjdbqk"],
        "hidden": "true",
        "required": "false",
        "readonly": "false",
        "message": "必填",
        "hideclear": "false"
      }, {
        "field": ["lizhishenqing.xml", "sjjjzt"],
        "hidden": "true",
        "required": "false",
        "readonly": "false",
        "message": "必填",
        "hideclear": "false"
      }, {
        "field": ["lizhishenqing.xml", "dzbjbr"],
        "hidden": "true",
        "required": "false",
        "readonly": "false",
        "message": "必填",
        "hideclear": "false"
      }, {
        "field": ["lizhishenqing.xml", "dzbjjsx"],
        "hidden": "true",
        "required": "false",
        "readonly": "false",
        "message": "必填",
        "hideclear": "false"
      }, {
        "field": ["lizhishenqing.xml", "dzbdbqk"],
        "hidden": "true",
        "required": "false",
        "readonly": "false",
        "message": "必填",
        "hideclear": "false"
      }, {
        "field": ["lizhishenqing.xml", "dzbjjzt"],
        "hidden": "true",
        "required": "false",
        "readonly": "false",
        "message": "必填",
        "hideclear": "false"
      }, {
        "field": ["lizhishenqing.xml", "xxbjbr"],
        "hidden": "true",
        "required": "false",
        "readonly": "false",
        "message": "必填",
        "hideclear": "false"
      }, {
        "field": ["lizhishenqing.xml", "xxbjjsx1"],
        "hidden": "true",
        "required": "false",
        "readonly": "false",
        "message": "必填",
        "hideclear": "false"
      }, {
        "field": ["lizhishenqing.xml", "xxbjjsx2"],
        "hidden": "true",
        "required": "false",
        "readonly": "false",
        "message": "必填",
        "hideclear": "false"
      }, {
        "field": ["lizhishenqing.xml", "xxbjjsx3"],
        "hidden": "true",
        "required": "false",
        "readonly": "false",
        "message": "必填",
        "hideclear": "false"
      }, {
        "field": ["lizhishenqing.xml", "xxbjjsx4"],
        "hidden": "true",
        "required": "false",
        "readonly": "false",
        "message": "必填",
        "hideclear": "false"
      }, {
        "field": ["lizhishenqing.xml", "xxbjjsx5"],
        "hidden": "true",
        "required": "false",
        "readonly": "false",
        "message": "必填",
        "hideclear": "false"
      }, {
        "field": ["lizhishenqing.xml", "xxbjjsx6"],
        "hidden": "true",
        "required": "false",
        "readonly": "false",
        "message": "必填",
        "hideclear": "false"
      }, {
        "field": ["lizhishenqing.xml", "xxbdbqk"],
        "hidden": "true",
        "required": "false",
        "readonly": "false",
        "message": "必填",
        "hideclear": "false"
      }, {
        "field": ["lizhishenqing.xml", "xxbjjzt"],
        "hidden": "true",
        "required": "false",
        "readonly": "false",
        "message": "必填",
        "hideclear": "false"
      }, {
        "field": ["lizhishenqing.xml", "rlzyzxjbr"],
        "hidden": "true",
        "required": "false",
        "readonly": "false",
        "message": "必填",
        "hideclear": "false"
      }, {
        "field": ["lizhishenqing.xml", "sbhgjjjz"],
        "hidden": "true",
        "required": "false",
        "readonly": "false",
        "message": "必填",
        "hideclear": "false"
      }, {
        "field": ["lizhishenqing.xml", "rlzyzxdbqk"],
        "hidden": "true",
        "required": "false",
        "readonly": "false",
        "message": "必填",
        "hideclear": "false"
      }, {
        "field": ["lizhishenqing.xml", "rljjzt"],
        "hidden": "true",
        "required": "false",
        "readonly": "false",
        "message": "必填",
        "hideclear": "false"
      }],
      "Son_Table": []
    }, {
      "field": "zzmm",
      "condition": "",
      "con_val": "",
      "custom_cond": "M.zzmm == '群众'  || M.zzmm == '团员'  || M.zzmm == '其他'  || M.zzmm == '' ",
      "dynamic_fields": [{
        "field": ["lizhishenqing.xml", "dygxsfzqz"],
        "hidden": "true",
        "required": "false",
        "readonly": "false",
        "message": "必填",
        "hideclear": "false"
      }],
      "Son_Table": [],
      "show_text": "【政治面貌】【等于】【群众】【或者】【政治面貌】【等于】【团员】【或者】【政治面貌】【等于】【其他】【或者】【政治面貌】【等于】",
      "config": [{
        "id": 0,
        "type": 2,
        "field": ["t_lizhishenqing", "zzmm"],
        "field_type": "varchar",
        "condition": 0,
        "field_value": "群众",
        "workflow": false,
        "display_group": {
          "field": "【政治面貌】",
          "condition": "【等于】",
          "field_value": "【群众】",
          "type": "【或者】"
        },
        "children": [],
        "workflow_config": {
          "check": false,
          "tableData": [],
          "search_workflow": "",
          "pages_config": {
            "page": 1,
            "page_size": 10,
            "total": 0
          }
        }
      }, {
        "id": 0,
        "type": 2,
        "field": ["t_lizhishenqing", "zzmm"],
        "field_type": "varchar",
        "condition": 0,
        "field_value": "团员",
        "workflow": false,
        "display_group": {
          "field": "【政治面貌】",
          "condition": "【等于】",
          "field_value": "【团员】",
          "type": "【或者】"
        },
        "children": [],
        "workflow_config": {
          "check": false,
          "tableData": [],
          "search_workflow": "",
          "pages_config": {
            "page": 1,
            "page_size": 10,
            "total": 0
          }
        }
      }, {
        "id": 0,
        "type": 2,
        "field": ["t_lizhishenqing", "zzmm"],
        "field_type": "varchar",
        "condition": 0,
        "field_value": "其他",
        "workflow": false,
        "display_group": {
          "field": "【政治面貌】",
          "condition": "【等于】",
          "field_value": "【其他】",
          "type": "【或者】"
        },
        "children": [],
        "workflow_config": {
          "check": false,
          "tableData": [],
          "search_workflow": "",
          "pages_config": {
            "page": 1,
            "page_size": 10,
            "total": 0
          }
        }
      }, {
        "id": 0,
        "type": 0,
        "field": ["t_lizhishenqing", "zzmm"],
        "field_type": "varchar",
        "condition": 0,
        "field_value": "",
        "workflow": false,
        "display_group": {
          "field": "【政治面貌】",
          "condition": "【等于】",
          "field_value": "",
          "type": ""
        },
        "children": [],
        "workflow_config": {
          "check": false,
          "tableData": [],
          "search_workflow": "",
          "pages_config": {
            "page": 1,
            "page_size": 10,
            "total": 0
          }
        }
      }]
    }],
    "DiscussSum": 0
  }
}
