{
  "status": 1,
  "msg": "",
  "payload": {
    "isApprovalFlow": false,
    "approvalData": {
      "approvalStatus": -1,
      "approvalerData": []
    },
    "isChildTable": true,
    "chilerenData": [{
      "displayStyle": "hidden",
      "listData": [],
      "moduleName": "busi_cus_score",
      "name": "明细表"
    }],
    "title": "",
    "editGroup": [{
      "name": "基本信息",
      "expanded": 1,
      "fieldArray": [{
        "placeholder": "编号",
        "key": "ID",
        "value": "CRMCU202009-0110",
        "selector": "hidden",
        "type": "text",
        "readonly": true,
        "disable": false,
        "valids": [],
        "asyncValids": [],
        "tips": "请输入"
      }, {
        "placeholder": "客户编号",
        "key": "khbh",
        "value": "",
        "selector": "input",
        "type": "text",
        "readonly": true,
        "disable": false,
        "valids": [],
        "asyncValids": [],
        "tips": "请输入"
      }, {
        "placeholder": "客户类型",
        "key": "kehuleixing",
        "value": "1",
        "selector": "hidden",
        "type": "text",
        "readonly": false,
        "disable": false,
        "valids": [],
        "asyncValids": [],
        "tips": "请输入",
        "valueArray": [{
          "name": "企业",
          "value": "1"
        }, {
          "name": "个人",
          "value": "2"
        }]
      }, {
        "placeholder": "客户名称",
        "key": "khmc",
        "value": "",
        "selector": "input",
        "type": "text",
        "readonly": false,
        "disable": false,
        "valids": ["required"],
        "asyncValids": [],
        "tips": "请输入"
      }, {
        "placeholder": "是否渠道客户",
        "key": "sfqdkh",
        "value": "",
        "selector": "select",
        "type": "text",
        "readonly": false,
        "disable": false,
        "valids": ["required"],
        "asyncValids": [],
        "tips": "请输入",
        "valueArray": [{
          "name": "是",
          "value": "是"
        }, {
          "name": "否",
          "value": "否"
        }]
      }, {
        "placeholder": "所属集团",
        "key": "ssjt",
        "value": "",
        "selector": "sheetlink",
        "type": "text",
        "readonly": false,
        "disable": false,
        "valids": ["required"],
        "asyncValids": [],
        "tips": "请输入",
        "params": {
          "moduleName": "suoshujituan",
          "workFlowId": "qjjfwpt_dev0644"
        }
      }, {
        "placeholder": "集团类型",
        "key": "jtlx",
        "value": "",
        "selector": "hidden",
        "type": "text",
        "readonly": true,
        "disable": false,
        "valids": [],
        "asyncValids": [],
        "tips": "请输入",
        "valueArray": [{
          "name": "战略",
          "value": "战略"
        }, {
          "name": "目标战略",
          "value": "目标战略"
        }, {
          "name": "无",
          "value": "无"
        }]
      }, {
        "placeholder": "多文件",
        "key": "duowenjian",
        "value": [{"filePath":"blob:http://localhost:8100/170c5c97-812a-4f9c-804c-e84de84b8b8b"},{"filePath":"blob:http://localhost:8100/9fedcf54-406c-4306-b689-70e3060e972c"}],
        "selector": "multifile",
        "type": "text",
        "readonly": false,
        "disable": false,
        "valids": ["required"],
        "asyncValids": [],
        "tips": "请输入",
        "valueUrl": []
      },{
        "placeholder": "多图片",
        "key": "duotupian",
        "value": [{"filePath":"blob:http://localhost:8100/170c5c97-812a-4f9c-804c-e84de84b8b8b"},{"filePath":"blob:http://localhost:8100/9fedcf54-406c-4306-b689-70e3060e972c"}],
        "selector": "multiimage",
        "type": "text",
        "readonly": false,
        "disable": false,
        "valids": ["required"],
        "asyncValids": [],
        "tips": "请输入",
        "valueUrl":  [{"filePath":"blob:http://localhost:8100/170c5c97-812a-4f9c-804c-e84de84b8b8b"},{"filePath":"blob:http://localhost:8100/9fedcf54-406c-4306-b689-70e3060e972c"}]
      }, {
        "placeholder": "客户性质",
        "key": "kehubeijing",
        "value": "",
        "selector": "select",
        "type": "text",
        "readonly": false,
        "disable": false,
        "valids": ["required"],
        "asyncValids": [],
        "tips": "请输入",
        "valueArray": [{
          "name": "国企",
          "value": "国企"
        }, {
          "name": "央企",
          "value": "央企"
        }, {
          "name": "外资",
          "value": "外资"
        }, {
          "name": "区域性大型民企",
          "value": "区域性大型民企"
        }, {
          "name": "全国性大型民企",
          "value": "全国性大型民企"
        }, {
          "name": "区域性小型民企",
          "value": "区域性小型民企"
        }]
      }, {
        "placeholder": "公司类型",
        "key": "gslx",
        "value": "",
        "selector": "select",
        "type": "text",
        "readonly": false,
        "disable": false,
        "valids": ["required"],
        "asyncValids": [],
        "tips": "请输入",
        "valueArray": [{
          "name": "集团公司",
          "value": "集团公司"
        }, {
          "name": "区域公司",
          "value": "区域公司"
        }, {
          "name": "项目公司",
          "value": "项目公司"
        }, {
          "name": "总包公司",
          "value": "总包公司"
        }]
      }, {
        "placeholder": "渠道类型",
        "key": "qdlx",
        "value": "",
        "selector": "select",
        "type": "text",
        "readonly": false,
        "disable": false,
        "valids": ["required"],
        "asyncValids": [],
        "tips": "请输入",
        "valueArray": [{
          "name": "个人资源",
          "value": "1"
        }, {
          "name": "公司资源",
          "value": "2"
        }]
      }, {
        "placeholder": "是否渠道介绍",
        "key": "sfqdjs",
        "value": "",
        "selector": "select",
        "type": "text",
        "readonly": false,
        "disable": false,
        "valids": ["required"],
        "asyncValids": [],
        "tips": "请输入",
        "valueArray": [{
          "name": "是",
          "value": "是"
        }, {
          "name": "否",
          "value": "否"
        }]
      }, {
        "placeholder": "客户来源渠道",
        "key": "khly_sz",
        "value": "",
        "selector": "sheetlink",
        "type": "text",
        "readonly": false,
        "disable": false,
        "valids": ["required"],
        "asyncValids": [],
        "tips": "请输入",
        "params": {
          "moduleName": "bduankehu",
          "workFlowId": "qjjfwpt_dev0699"
        }
      }, {
        "placeholder": "是否需要入库",
        "key": "sfxyrk",
        "value": "",
        "selector": "select",
        "type": "text",
        "readonly": false,
        "disable": false,
        "valids": ["required"],
        "asyncValids": [],
        "tips": "请输入",
        "valueArray": [{
          "name": "是",
          "value": "是"
        }, {
          "name": "否",
          "value": "否"
        }]
      }, {
        "placeholder": "战略合作协议",
        "key": "zlhzxy",
        "value": "",
        "selector": "select",
        "type": "text",
        "readonly": false,
        "disable": false,
        "valids": ["required"],
        "asyncValids": [],
        "tips": "请输入",
        "valueArray": [{
          "name": "已签订",
          "value": "已签订"
        }, {
          "name": "未签订",
          "value": "未签订"
        }]
      }, {
        "placeholder": "是否A类供应",
        "key": "sfalgys",
        "value": "",
        "selector": "hidden",
        "type": "text",
        "readonly": false,
        "disable": false,
        "valids": [],
        "asyncValids": [],
        "tips": "请输入",
        "valueArray": [{
          "name": "是",
          "value": "是"
        }, {
          "name": "否",
          "value": "否"
        }]
      }, {
        "placeholder": "是否上市公司",
        "key": "sfssgs",
        "value": "",
        "selector": "select",
        "type": "text",
        "readonly": false,
        "disable": false,
        "valids": ["required"],
        "asyncValids": [],
        "tips": "请输入",
        "valueArray": [{
          "name": "是",
          "value": "是"
        }, {
          "name": "否",
          "value": "否"
        }]
      }, {
        "placeholder": "上市代码",
        "key": "ssdm",
        "value": "",
        "selector": "input",
        "type": "text",
        "readonly": false,
        "disable": false,
        "valids": ["required"],
        "asyncValids": [],
        "tips": "请输入"
      }, {
        "placeholder": "省份",
        "key": "sheng",
        "value": "",
        "selector": "sheetlink",
        "type": "text",
        "readonly": false,
        "disable": false,
        "valids": ["required"],
        "asyncValids": [],
        "tips": "请输入",
        "params": {
          "moduleName": "shengfen",
          "workFlowId": "qjjfwpt_dev0722"
        }
      }, {
        "placeholder": "城市",
        "key": "chengshi",
        "value": "",
        "selector": "sheetlink",
        "type": "text",
        "readonly": false,
        "disable": false,
        "valids": ["required"],
        "asyncValids": [],
        "tips": "请输入",
        "params": {
          "moduleName": "chengshi",
          "workFlowId": "qjjfwpt_dev0724"
        }
      }, {
        "placeholder": "所在区",
        "key": "quxian",
        "value": "",
        "selector": "sheetlink",
        "type": "text",
        "readonly": false,
        "disable": false,
        "valids": [],
        "asyncValids": [],
        "tips": "请输入",
        "params": {
          "moduleName": "chengshicanshu",
          "workFlowId": "qjjfwpt_dev0770"
        }
      }, {
        "placeholder": "客户地址",
        "key": "gongsidizhi",
        "value": "",
        "selector": "input",
        "type": "text",
        "readonly": false,
        "disable": false,
        "valids": ["required"],
        "asyncValids": [],
        "tips": "请输入"
      }, {
        "placeholder": "营销人员",
        "key": "dqgw",
        "value": "00835",
        "selector": "sheetlink",
        "type": "text",
        "readonly": false,
        "disable": false,
        "valids": [],
        "asyncValids": [],
        "tips": "请输入",
        "displayValue": "陆伟",
        "params": {
          "moduleName": "yonghuxinxi",
          "workFlowId": "qjjfwpt_dev0643"
        }
      }, {
        "placeholder": "评估状态",
        "key": "khpgzt",
        "value": "0",
        "selector": "input",
        "type": "text",
        "readonly": true,
        "disable": false,
        "valids": [],
        "asyncValids": [],
        "tips": "请输入",
        "valueArray": [{
          "name": "待审核",
          "value": "0"
        }, {
          "name": "已审核",
          "value": "1"
        }]
      }, {
        "placeholder": "评估评级",
        "key": "khpgpj",
        "value": "新客户",
        "selector": "select",
        "type": "text",
        "readonly": true,
        "disable": false,
        "valids": [],
        "asyncValids": [],
        "tips": "请输入",
        "valueArray": [{
          "name": "新客户",
          "value": "新客户"
        }, {
          "name": "A",
          "value": "A"
        }, {
          "name": "B",
          "value": "B"
        }, {
          "name": "C",
          "value": "C"
        }]
      }, {
        "placeholder": "备注",
        "key": "grjj",
        "value": "",
        "selector": "textarea",
        "type": "text",
        "readonly": false,
        "disable": false,
        "valids": [],
        "asyncValids": [],
        "tips": "请输入"
      }]
    }, {
      "name": "开发业务 (多选）",
      "expanded": 0,
      "hidden": false,
      "fieldArray": [{
        "placeholder": "开发业务",
        "key": "kaifayewu",
        "value": "",
        "selector": "tagmultiselect",
        "type": "text",
        "readonly": false,
        "disable": false,
        "valids": ["required"],
        "asyncValids": [],
        "tips": "请输入",
        "limit": 999,
        "valueArray": [{
          "name": "设计施工一体化",
          "value": "设计施工一体化",
          "show": "1"
        }, {
          "name": "施工",
          "value": "施工",
          "show": "1"
        }, {
          "name": "设计",
          "value": "设计",
          "show": "1"
        }, {
          "name": "软装",
          "value": "软装",
          "show": "1"
        }, {
          "name": "木作",
          "value": "木作",
          "show": "1"
        }, {
          "name": "橱柜",
          "value": "橱柜",
          "show": "1"
        }, {
          "name": "建科",
          "value": "建科",
          "show": "1"
        }, {
          "name": "BB+C",
          "value": "BB+C",
          "show": "1"
        }, {
          "name": "幕墙",
          "value": "幕墙",
          "show": "1"
        }, {
          "name": "门窗",
          "value": "门窗",
          "show": "1"
        }, {
          "name": "EPC",
          "value": "EPC",
          "show": "1"
        }]
      }]
    }, {
      "name": "可合作区域 (多选）",
      "expanded": 0,
      "hidden": false,
      "fieldArray": [{
        "placeholder": "可合作区域",
        "key": "quyu",
        "value": "",
        "selector": "tagmultiselect",
        "type": "text",
        "readonly": false,
        "disable": false,
        "valids": ["required"],
        "asyncValids": [],
        "tips": "请输入",
        "limit": 999,
        "valueArray": [{
          "name": "东北区域",
          "value": "东北区域",
          "show": "1"
        }, {
          "name": "华北区域",
          "value": "华北区域",
          "show": "1"
        }, {
          "name": "华中区域",
          "value": "华中区域",
          "show": "1"
        }, {
          "name": "苏皖区域",
          "value": "苏皖区域",
          "show": "1"
        }, {
          "name": "上海大区",
          "value": "上海大区",
          "show": "1"
        }, {
          "name": "浙江区域",
          "value": "浙江区域",
          "show": "1"
        }, {
          "name": "华西区域",
          "value": "华西区域",
          "show": "1"
        }, {
          "name": "西北区域",
          "value": "西北区域",
          "show": "1"
        }, {
          "name": "华南区域",
          "value": "华南区域",
          "show": "1"
        }, {
          "name": "西南区域",
          "value": "西南区域",
          "show": "1"
        }, {
          "name": "海外",
          "value": "海外",
          "show": "1"
        }]
      }, {
        "placeholder": "客户历往项目",
        "key": "khlwxmqyje",
        "value": "",
        "selector": "hidden",
        "type": "text",
        "readonly": true,
        "disable": true,
        "valids": [],
        "asyncValids": [],
        "tips": "请输入"
      }, {
        "placeholder": "客户评估",
        "key": "kehupinggu",
        "value": "",
        "selector": "hidden",
        "type": "text",
        "readonly": true,
        "disable": true,
        "valids": [],
        "asyncValids": [],
        "tips": "请输入"
      }]
    }, {
      "name": "系统信息",
      "expanded": 0,
      "hidden": false,
      "fieldArray": [{
        "placeholder": "创建用户1",
        "key": "createuser",
        "value": "18117370416",
        "selector": "hidden",
        "type": "text",
        "readonly": true,
        "disable": false,
        "valids": [],
        "asyncValids": [],
        "tips": "请输入"
      }, {
        "placeholder": "创建用户",
        "key": "cjyhxm",
        "value": "陆伟",
        "selector": "input",
        "type": "text",
        "readonly": true,
        "disable": false,
        "valids": [],
        "asyncValids": [],
        "tips": "请输入"
      }, {
        "placeholder": "下次审核时间",
        "key": "xcshsj",
        "value": "",
        "selector": "date",
        "type": "text",
        "readonly": true,
        "disable": false,
        "valids": [],
        "asyncValids": [],
        "tips": "请输入"
      }, {
        "placeholder": "所属组",
        "key": "groupname",
        "value": "测试区",
        "selector": "input",
        "type": "text",
        "readonly": true,
        "disable": false,
        "valids": [],
        "asyncValids": [],
        "tips": "请输入"
      }, {
        "placeholder": "创建日期",
        "key": "createdate",
        "value": "2020-09-09 14:31:01",
        "selector": "datetime",
        "type": "text",
        "readonly": true,
        "disable": false,
        "valids": [],
        "asyncValids": [],
        "tips": "请输入",
        "minDate": "",
        "maxDate": ""
      }, {
        "placeholder": "修改用户1",
        "key": "modifyuser",
        "value": "18117370416",
        "selector": "hidden",
        "type": "text",
        "readonly": true,
        "disable": false,
        "valids": [],
        "asyncValids": [],
        "tips": "请输入"
      }, {
        "placeholder": "修改用户",
        "key": "xgyhxm",
        "value": "陆伟",
        "selector": "input",
        "type": "text",
        "readonly": true,
        "disable": false,
        "valids": [],
        "asyncValids": [],
        "tips": "请输入"
      }, {
        "placeholder": "修改日期",
        "key": "updated_at",
        "value": "2020-09-09 14:31:01",
        "selector": "datetime",
        "type": "text",
        "readonly": true,
        "disable": false,
        "valids": [],
        "asyncValids": [],
        "tips": "请输入",
        "minDate": "",
        "maxDate": ""
      }, {
        "placeholder": "建档日期",
        "key": "jdrq",
        "value": "",
        "selector": "hidden",
        "type": "text",
        "readonly": false,
        "disable": false,
        "valids": [],
        "asyncValids": [],
        "tips": "请输入",
        "minDate": "",
        "maxDate": ""
      }, {
        "placeholder": "审批状态",
        "key": "spzt",
        "value": "",
        "selector": "hidden",
        "type": "text",
        "readonly": false,
        "disable": false,
        "valids": [],
        "asyncValids": [],
        "tips": "请输入"
      }]
    }],
    "Dynamic_Form": [{
      "field": "sfqdjs",
      "condition": 0,
      "con_val": "是",
      "custom_cond": "",
      "dynamic_fields": [{
        "field": ["bduankehu.xml", "khly_sz"],
        "hidden": "false",
        "required": "true",
        "readonly": "false",
        "message": "必填"
      }],
      "Son_Table": []
    }, {
      "field": "sfqdjs",
      "condition": 0,
      "con_val": "否",
      "custom_cond": "",
      "dynamic_fields": [{
        "field": ["bduankehu.xml", "khly_sz"],
        "hidden": "true",
        "required": "false",
        "readonly": "false",
        "message": "必填"
      }],
      "Son_Table": []
    }, {
      "field": "zlhzxy",
      "condition": "",
      "con_val": "",
      "custom_cond": "(M.gslx=='集团公司' || M.gslx=='区域公司') && M.zlhzxy=='未签订'",
      "dynamic_fields": [{
        "field": ["bduankehu.xml", "sfalgys"],
        "hidden": "false",
        "required": "false",
        "readonly": "false",
        "message": "必填"
      }],
      "Son_Table": []
    }, {
      "field": "gslx",
      "condition": "",
      "con_val": "",
      "custom_cond": "M.zlhzxy=='未签订' && (M.gslx=='集团公司' || M.gslx=='区域公司') ",
      "dynamic_fields": [{
        "field": ["bduankehu.xml", "sfalgys"],
        "hidden": "false",
        "required": "false",
        "readonly": "false",
        "message": "必填"
      }],
      "Son_Table": []
    }, {
      "field": "sfssgs",
      "condition": 0,
      "con_val": "否",
      "custom_cond": "",
      "dynamic_fields": [{
        "field": ["bduankehu.xml", "ssdm"],
        "hidden": "true",
        "required": "false",
        "readonly": "false",
        "message": "必填"
      }],
      "Son_Table": []
    }, {
      "field": "sfqdkh",
      "condition": 0,
      "con_val": "是",
      "custom_cond": "",
      "dynamic_fields": [{
        "field": ["bduankehu.xml", "kehubeijing"],
        "hidden": "true",
        "required": "false",
        "readonly": "false",
        "message": "必填"
      }, {
        "field": ["bduankehu.xml", "gslx"],
        "hidden": "true",
        "required": "false",
        "readonly": "false",
        "message": "必填"
      }, {
        "field": ["bduankehu.xml", "sfqdjs"],
        "hidden": "true",
        "required": "false",
        "readonly": "false",
        "message": "必填"
      }, {
        "field": ["bduankehu.xml", "sfxyrk"],
        "hidden": "true",
        "required": "false",
        "readonly": "false",
        "message": "必填"
      }, {
        "field": ["bduankehu.xml", "zlhzxy"],
        "hidden": "true",
        "required": "false",
        "readonly": "false",
        "message": "必填"
      }, {
        "field": ["bduankehu.xml", "sfalgys"],
        "hidden": "true",
        "required": "false",
        "readonly": "false",
        "message": "必填"
      }, {
        "field": ["bduankehu.xml", "sfssgs"],
        "hidden": "true",
        "required": "false",
        "readonly": "false",
        "message": "必填"
      }, {
        "field": ["bduankehu.xml", "ssdm"],
        "hidden": "true",
        "required": "false",
        "readonly": "false",
        "message": "必填"
      }, {
        "field": ["bduankehu.xml", "ssjt"],
        "hidden": "false",
        "required": "false",
        "readonly": "false",
        "message": "必填"
      }, {
        "field": ["bduankehu.xml", "khly_sz"],
        "hidden": "true",
        "required": "false",
        "readonly": "false",
        "message": "必填"
      }, {
        "field": ["bduankehu.xml", "kaifayewu"],
        "hidden": "false",
        "required": "false",
        "readonly": "false",
        "message": "必填"
      }, {
        "field": ["bduankehu.xml", "quyu"],
        "hidden": "false",
        "required": "false",
        "readonly": "false",
        "message": "必填"
      }, {
        "field": ["bduankehu.xml", "khpgpj"],
        "hidden": "true",
        "required": "false",
        "readonly": "false",
        "message": "必填"
      }],
      "Son_Table": []
    }]
  }
}
