{
  "status": 1,
  "msg": "",
  "payload": {
    "isApprovalFlow": false,
    "approvalData": {
      "approvalStatus": 1,
      "approvalerData": [{
        "value": "并行节点",
        "label": "并行节点",
        "name": "并行节点"
      }]
    },
    "Calculation": [{
      "code": "if((string)(M.cjyhjs) != '系统管理员' && (string)(M.gonghao) == ''){\n    var createuser  = (string)(M.createuser);\n    showRelevant('gonghao',createuser,'t_yuangongxinxi.ID');\n}",
      "field": "",
      "call_type": 3
    }, {
      "code": "if((string)(M.createuser)==(string)(M.sjjbr)||(string)(M.createuser)==(string)(M.dzbjbr)||(string)(M.createuser)==(string)(M.xxbjbr)||(string)(M.createuser)==(string)(M.rlzyzxjbr)||(string)(M.createuser)==(string)(M.lzqzsprbh)){\n    alert('对不起，您在离职流程中是审批人，请先联系人力资源部门进行更改后，再进行提交！');\n    return false;\n}",
      "field": "",
      "call_type": 5
    }, {
      "code": "var str=(string)(M.suozaibumen);\nvar arr=str.split(\",\");\nif(str != ''){\n    VueVNode.tempData.suozaibumen=arr;\n}",
      "field": "suozaibumen",
      "call_type": 0
    }],
    "Dynamic_Form": [{
      "field": "cjyhjs",
      "condition": "",
      "con_val": "",
      "custom_cond": "M.cjyhjs != '系统管理员' ",
      "dynamic_fields": [{
        "field": ["lizhishenqing.xml", "gonghao"],
        "hidden": "false",
        "required": "false",
        "readonly": "true",
        "message": "必填",
        "hideclear": "false"
      }],
      "Son_Table": [],
      "show_text": "【创建用户角色】【不等于】【系统管理员】",
      "config": [{
        "id": 0,
        "type": 0,
        "field": ["t_lizhishenqing", "cjyhjs"],
        "field_type": "varchar",
        "condition": 5,
        "field_value": "系统管理员",
        "workflow": false,
        "display_group": {
          "field": "【创建用户角色】",
          "condition": "【不等于】",
          "field_value": "【系统管理员】",
          "type": ""
        },
        "children": [],
        "workflow_config": {
          "check": false,
          "tableData": [],
          "search_workflow": "",
          "pages_config": {
            "page": 1,
            "page_size": 10,
            "total": 0
          }
        }
      }]
    }, {
      "field": "dygxsfzqz",
      "condition": "",
      "con_val": "",
      "custom_cond": "M.dygxsfzqz != '是' ",
      "dynamic_fields": [{
        "field": ["lizhishenqing.xml", "dzbjjzt"],
        "hidden": "true",
        "required": "false",
        "readonly": "true",
        "message": "必填",
        "hideclear": "false"
      }, {
        "field": ["lizhishenqing.xml", "dzbjbr"],
        "hidden": "true",
        "required": "false",
        "readonly": "true",
        "message": "必填",
        "hideclear": "false"
      }, {
        "field": ["lizhishenqing.xml", "dzbjjsx"],
        "hidden": "true",
        "required": "false",
        "readonly": "true",
        "message": "必填",
        "hideclear": "false"
      }, {
        "field": ["lizhishenqing.xml", "dzbdbqk"],
        "hidden": "true",
        "required": "false",
        "readonly": "true",
        "message": "必填",
        "hideclear": "false"
      }],
      "Son_Table": [],
      "show_text": "【党员关系是否在全筑】【不等于】【是】",
      "config": [{
        "id": 0,
        "type": 0,
        "field": ["t_lizhishenqing", "dygxsfzqz"],
        "field_type": "varchar",
        "condition": 5,
        "field_value": "是",
        "workflow": false,
        "display_group": {
          "field": "【党员关系是否在全筑】",
          "condition": "【不等于】",
          "field_value": "【是】",
          "type": ""
        },
        "children": [],
        "workflow_config": {
          "check": false,
          "tableData": [],
          "search_workflow": "",
          "pages_config": {
            "page": 1,
            "page_size": 10,
            "total": 0
          }
        }
      }]
    }, {
      "field": "spzt",
      "condition": 0,
      "con_val": 4,
      "custom_cond": "",
      "dynamic_fields": [{
        "field": ["lizhishenqing.xml", "qrgzjzr"],
        "hidden": "true",
        "required": "false",
        "readonly": "false",
        "message": "必填",
        "hideclear": "false"
      }, {
        "field": ["lizhishenqing.xml", "qyzhjzr"],
        "hidden": "true",
        "required": "false",
        "readonly": "false",
        "message": "必填",
        "hideclear": "false"
      }, {
        "field": ["lizhishenqing.xml", "gzijzr"],
        "hidden": "true",
        "required": "false",
        "readonly": "false",
        "message": "必填",
        "hideclear": "false"
      }, {
        "field": ["lizhishenqing.xml", "jjr1"],
        "hidden": "true",
        "required": "false",
        "readonly": "false",
        "message": "必填",
        "hideclear": "false"
      }, {
        "field": ["lizhishenqing.xml", "jjr2"],
        "hidden": "true",
        "required": "false",
        "readonly": "false",
        "message": "必填",
        "hideclear": "false"
      }, {
        "field": ["lizhishenqing.xml", "jjr3"],
        "hidden": "true",
        "required": "false",
        "readonly": "false",
        "message": "必填",
        "hideclear": "false"
      }, {
        "field": ["lizhishenqing.xml", "qtsm"],
        "hidden": "true",
        "required": "false",
        "readonly": "false",
        "message": "必填",
        "hideclear": "false"
      }, {
        "field": ["lizhishenqing.xml", "cwjbr"],
        "hidden": "true",
        "required": "false",
        "readonly": "false",
        "message": "必填",
        "hideclear": "false"
      }, {
        "field": ["lizhishenqing.xml", "cwjjsx1"],
        "hidden": "true",
        "required": "false",
        "readonly": "false",
        "message": "必填",
        "hideclear": "false"
      }, {
        "field": ["lizhishenqing.xml", "cwjjsx2"],
        "hidden": "true",
        "required": "false",
        "readonly": "false",
        "message": "必填",
        "hideclear": "false"
      }, {
        "field": ["lizhishenqing.xml", "cwdbqk"],
        "hidden": "true",
        "required": "false",
        "readonly": "false",
        "message": "必填",
        "hideclear": "false"
      }, {
        "field": ["lizhishenqing.xml", "cwjjzt"],
        "hidden": "true",
        "required": "false",
        "readonly": "false",
        "message": "必填",
        "hideclear": "false"
      }, {
        "field": ["lizhishenqing.xml", "xzjbr"],
        "hidden": "true",
        "required": "false",
        "readonly": "false",
        "message": "必填",
        "hideclear": "false"
      }, {
        "field": ["lizhishenqing.xml", "xzjjsx1"],
        "hidden": "true",
        "required": "false",
        "readonly": "false",
        "message": "必填",
        "hideclear": "false"
      }, {
        "field": ["lizhishenqing.xml", "xzdbqk"],
        "hidden": "true",
        "required": "false",
        "readonly": "false",
        "message": "必填",
        "hideclear": "false"
      }, {
        "field": ["lizhishenqing.xml", "xzjbr2"],
        "hidden": "true",
        "required": "false",
        "readonly": "false",
        "message": "必填",
        "hideclear": "false"
      }, {
        "field": ["lizhishenqing.xml", "xzjjsx2"],
        "hidden": "true",
        "required": "false",
        "readonly": "false",
        "message": "必填",
        "hideclear": "false"
      }, {
        "field": ["lizhishenqing.xml", "xzdbqk2"],
        "hidden": "true",
        "required": "false",
        "readonly": "false",
        "message": "必填",
        "hideclear": "false"
      }, {
        "field": ["lizhishenqing.xml", "xzjjzt"],
        "hidden": "true",
        "required": "false",
        "readonly": "false",
        "message": "必填",
        "hideclear": "false"
      }, {
        "field": ["lizhishenqing.xml", "sjjbr"],
        "hidden": "true",
        "required": "false",
        "readonly": "false",
        "message": "必填",
        "hideclear": "false"
      }, {
        "field": ["lizhishenqing.xml", "sjjjsx1"],
        "hidden": "true",
        "required": "false",
        "readonly": "false",
        "message": "必填",
        "hideclear": "false"
      }, {
        "field": ["lizhishenqing.xml", "sjjjsx2"],
        "hidden": "true",
        "required": "false",
        "readonly": "false",
        "message": "必填",
        "hideclear": "false"
      }, {
        "field": ["lizhishenqing.xml", "sjdbqk"],
        "hidden": "true",
        "required": "false",
        "readonly": "false",
        "message": "必填",
        "hideclear": "false"
      }, {
        "field": ["lizhishenqing.xml", "sjjjzt"],
        "hidden": "true",
        "required": "false",
        "readonly": "false",
        "message": "必填",
        "hideclear": "false"
      }, {
        "field": ["lizhishenqing.xml", "dzbjbr"],
        "hidden": "true",
        "required": "false",
        "readonly": "false",
        "message": "必填",
        "hideclear": "false"
      }, {
        "field": ["lizhishenqing.xml", "dzbjjsx"],
        "hidden": "true",
        "required": "false",
        "readonly": "false",
        "message": "必填",
        "hideclear": "false"
      }, {
        "field": ["lizhishenqing.xml", "dzbdbqk"],
        "hidden": "true",
        "required": "false",
        "readonly": "false",
        "message": "必填",
        "hideclear": "false"
      }, {
        "field": ["lizhishenqing.xml", "dzbjjzt"],
        "hidden": "true",
        "required": "false",
        "readonly": "false",
        "message": "必填",
        "hideclear": "false"
      }, {
        "field": ["lizhishenqing.xml", "xxbjbr"],
        "hidden": "true",
        "required": "false",
        "readonly": "false",
        "message": "必填",
        "hideclear": "false"
      }, {
        "field": ["lizhishenqing.xml", "xxbjjsx1"],
        "hidden": "true",
        "required": "false",
        "readonly": "false",
        "message": "必填",
        "hideclear": "false"
      }, {
        "field": ["lizhishenqing.xml", "xxbjjsx2"],
        "hidden": "true",
        "required": "false",
        "readonly": "false",
        "message": "必填",
        "hideclear": "false"
      }, {
        "field": ["lizhishenqing.xml", "xxbjjsx3"],
        "hidden": "true",
        "required": "false",
        "readonly": "false",
        "message": "必填",
        "hideclear": "false"
      }, {
        "field": ["lizhishenqing.xml", "xxbjjsx4"],
        "hidden": "true",
        "required": "false",
        "readonly": "false",
        "message": "必填",
        "hideclear": "false"
      }, {
        "field": ["lizhishenqing.xml", "xxbjjsx5"],
        "hidden": "true",
        "required": "false",
        "readonly": "false",
        "message": "必填",
        "hideclear": "false"
      }, {
        "field": ["lizhishenqing.xml", "xxbjjsx6"],
        "hidden": "true",
        "required": "false",
        "readonly": "false",
        "message": "必填",
        "hideclear": "false"
      }, {
        "field": ["lizhishenqing.xml", "xxbdbqk"],
        "hidden": "true",
        "required": "false",
        "readonly": "false",
        "message": "必填",
        "hideclear": "false"
      }, {
        "field": ["lizhishenqing.xml", "xxbjjzt"],
        "hidden": "true",
        "required": "false",
        "readonly": "false",
        "message": "必填",
        "hideclear": "false"
      }, {
        "field": ["lizhishenqing.xml", "rlzyzxjbr"],
        "hidden": "true",
        "required": "false",
        "readonly": "false",
        "message": "必填",
        "hideclear": "false"
      }, {
        "field": ["lizhishenqing.xml", "sbhgjjjz"],
        "hidden": "true",
        "required": "false",
        "readonly": "false",
        "message": "必填",
        "hideclear": "false"
      }, {
        "field": ["lizhishenqing.xml", "rlzyzxdbqk"],
        "hidden": "true",
        "required": "false",
        "readonly": "false",
        "message": "必填",
        "hideclear": "false"
      }, {
        "field": ["lizhishenqing.xml", "rljjzt"],
        "hidden": "true",
        "required": "false",
        "readonly": "false",
        "message": "必填",
        "hideclear": "false"
      }],
      "Son_Table": []
    }, {
      "field": "zzmm",
      "condition": "",
      "con_val": "",
      "custom_cond": "M.zzmm == '群众'  || M.zzmm == '团员'  || M.zzmm == '其他'  || M.zzmm == '' ",
      "dynamic_fields": [{
        "field": ["lizhishenqing.xml", "dygxsfzqz"],
        "hidden": "true",
        "required": "false",
        "readonly": "false",
        "message": "必填",
        "hideclear": "false"
      }],
      "Son_Table": [],
      "show_text": "【政治面貌】【等于】【群众】【或者】【政治面貌】【等于】【团员】【或者】【政治面貌】【等于】【其他】【或者】【政治面貌】【等于】",
      "config": [{
        "id": 0,
        "type": 2,
        "field": ["t_lizhishenqing", "zzmm"],
        "field_type": "varchar",
        "condition": 0,
        "field_value": "群众",
        "workflow": false,
        "display_group": {
          "field": "【政治面貌】",
          "condition": "【等于】",
          "field_value": "【群众】",
          "type": "【或者】"
        },
        "children": [],
        "workflow_config": {
          "check": false,
          "tableData": [],
          "search_workflow": "",
          "pages_config": {
            "page": 1,
            "page_size": 10,
            "total": 0
          }
        }
      }, {
        "id": 0,
        "type": 2,
        "field": ["t_lizhishenqing", "zzmm"],
        "field_type": "varchar",
        "condition": 0,
        "field_value": "团员",
        "workflow": false,
        "display_group": {
          "field": "【政治面貌】",
          "condition": "【等于】",
          "field_value": "【团员】",
          "type": "【或者】"
        },
        "children": [],
        "workflow_config": {
          "check": false,
          "tableData": [],
          "search_workflow": "",
          "pages_config": {
            "page": 1,
            "page_size": 10,
            "total": 0
          }
        }
      }, {
        "id": 0,
        "type": 2,
        "field": ["t_lizhishenqing", "zzmm"],
        "field_type": "varchar",
        "condition": 0,
        "field_value": "其他",
        "workflow": false,
        "display_group": {
          "field": "【政治面貌】",
          "condition": "【等于】",
          "field_value": "【其他】",
          "type": "【或者】"
        },
        "children": [],
        "workflow_config": {
          "check": false,
          "tableData": [],
          "search_workflow": "",
          "pages_config": {
            "page": 1,
            "page_size": 10,
            "total": 0
          }
        }
      }, {
        "id": 0,
        "type": 0,
        "field": ["t_lizhishenqing", "zzmm"],
        "field_type": "varchar",
        "condition": 0,
        "field_value": "",
        "workflow": false,
        "display_group": {
          "field": "【政治面貌】",
          "condition": "【等于】",
          "field_value": "",
          "type": ""
        },
        "children": [],
        "workflow_config": {
          "check": false,
          "tableData": [],
          "search_workflow": "",
          "pages_config": {
            "page": 1,
            "page_size": 10,
            "total": 0
          }
        }
      }]
    }],
    "title": "离职申请",
    "base": "t_lizhishenqing",
    "editGroup": [{
      "name": "基本信息",
      "expanded": 1,
      "fieldArray": [{
        "placeholder": "编号",
        "key": "ID",
        "value": "HRLZ202012-000083",
        "selector": "",
        "isHidden": true,
        "readonly": true,
        "disable": false,
        "valids": [],
        "asyncValids": [],
        "tips": "请输入"
      }, {
        "placeholder": "工号",
        "key": "gonghao",
        "value": "HR2020-00218",
        "selector": "sheetlink",
        "isHidden": false,
        "readonly": true,
        "disable": false,
        "valids": ["required"],
        "asyncValids": ["only"],
        "tips": "请输入",
        "displayValue": "06219",
        "params": {
          "workFlowId": "qjjfwpt_dev0799",
          "moduleName": "yuangongxinxi"
        }
      }, {
        "placeholder": "姓名",
        "key": "xingming",
        "value": "测试1118-4",
        "selector": "input",
        "isHidden": false,
        "readonly": true,
        "disable": false,
        "valids": [],
        "asyncValids": [],
        "tips": "请输入"
      }, {
        "placeholder": "所在部门",
        "key": "suozaibumen",
        "value": "A252,A252B17800,A252B17800C21000",
        "selector": "",
        "isHidden": false,
        "readonly": true,
        "disable": false,
        "valids": [],
        "asyncValids": [],
        "tips": "请输入"
      }, {
        "placeholder": "一级部门",
        "key": "yjbmid",
        "value": "A252",
        "selector": "",
        "isHidden": true,
        "readonly": true,
        "disable": false,
        "valids": [],
        "asyncValids": [],
        "tips": "请输入"
      }, {
        "placeholder": "一级部门名称",
        "key": "yjbmmc",
        "value": "全筑智慧科技集团",
        "selector": "",
        "isHidden": true,
        "readonly": true,
        "disable": false,
        "valids": [],
        "asyncValids": [],
        "tips": "请输入"
      }, {
        "placeholder": "二级部门",
        "key": "ejbmid",
        "value": "A252B17800",
        "selector": "",
        "isHidden": true,
        "readonly": true,
        "disable": false,
        "valids": [],
        "asyncValids": [],
        "tips": "请输入"
      }, {
        "placeholder": "二级部门名称",
        "key": "ejbmmc",
        "value": "智能云事业部",
        "selector": "",
        "isHidden": true,
        "readonly": true,
        "disable": false,
        "valids": [],
        "asyncValids": [],
        "tips": "请输入"
      }, {
        "placeholder": "三级部门",
        "key": "sjbmid",
        "value": "A252B17800C21000",
        "selector": "",
        "isHidden": true,
        "readonly": true,
        "disable": false,
        "valids": [],
        "asyncValids": [],
        "tips": "请输入"
      }, {
        "placeholder": "三级部门名称",
        "key": "sjbmmc",
        "value": "产品开发部",
        "selector": "",
        "isHidden": true,
        "readonly": true,
        "disable": false,
        "valids": [],
        "asyncValids": [],
        "tips": "请输入"
      }, {
        "placeholder": "四級部门",
        "key": "sijibmid",
        "value": "",
        "selector": "",
        "isHidden": true,
        "readonly": true,
        "disable": false,
        "valids": [],
        "asyncValids": [],
        "tips": "请输入"
      }, {
        "placeholder": "四级部门名称",
        "key": "sijibmmc",
        "value": "",
        "selector": "",
        "isHidden": true,
        "readonly": true,
        "disable": false,
        "valids": [],
        "asyncValids": [],
        "tips": "请输入"
      }, {
        "placeholder": "五级部门",
        "key": "wjbmid",
        "value": "",
        "selector": "",
        "isHidden": true,
        "readonly": true,
        "disable": false,
        "valids": [],
        "asyncValids": [],
        "tips": "请输入"
      }, {
        "placeholder": "五级部门名称",
        "key": "wjbmmc",
        "value": "",
        "selector": "",
        "isHidden": true,
        "readonly": true,
        "disable": false,
        "valids": [],
        "asyncValids": [],
        "tips": "请输入"
      }, {
        "placeholder": "部门",
        "key": "suozaibumen_name",
        "value": "全筑智慧科技集团\/智能云事业部\/产品开发部",
        "selector": "input",
        "isHidden": false,
        "readonly": true,
        "disable": false,
        "valids": [],
        "asyncValids": [],
        "tips": "请输入"
      }, {
        "placeholder": "岗位",
        "key": "gangwei",
        "value": "运营",
        "selector": "input",
        "isHidden": false,
        "readonly": true,
        "disable": false,
        "valids": [],
        "asyncValids": [],
        "tips": "请输入"
      }, {
        "placeholder": "职级",
        "key": "zhiji",
        "value": "P10",
        "selector": "sheetlink",
        "isHidden": false,
        "readonly": true,
        "disable": false,
        "valids": [],
        "asyncValids": [],
        "tips": "请输入",
        "displayValue": "P10",
        "params": {
          "workFlowId": "qjjfwpt_dev0813",
          "moduleName": "zhijicanshu"
        }
      }, {
        "placeholder": "是否主动离职",
        "key": "sfzdlz",
        "value": "是",
        "selector": "select",
        "isHidden": true,
        "readonly": true,
        "disable": false,
        "valids": [],
        "asyncValids": [],
        "tips": "请输入",
        "valueArray": [{
          "name": "是",
          "value": "是"
        }, {
          "name": "否",
          "value": "否"
        }]
      }, {
        "placeholder": "党员关系是否在全筑",
        "key": "dygxsfzqz",
        "value": "",
        "selector": "input",
        "isHidden": false,
        "readonly": true,
        "disable": false,
        "valids": [],
        "asyncValids": [],
        "tips": "请输入"
      }, {
        "placeholder": "离职原因",
        "key": "lzyy",
        "value": "发展原因",
        "selector": "select",
        "isHidden": false,
        "readonly": true,
        "disable": false,
        "valids": ["required"],
        "asyncValids": [],
        "tips": "请输入",
        "valueArray": [{
          "name": "薪酬原因",
          "value": "薪酬原因"
        }, {
          "name": "发展原因",
          "value": "发展原因"
        }, {
          "name": "个人与家庭原因",
          "value": "个人与家庭原因"
        }, {
          "name": "工作环境",
          "value": "工作环境"
        }, {
          "name": "企业文化",
          "value": "企业文化"
        }, {
          "name": "公司经营与管理",
          "value": "公司经营与管理"
        }, {
          "name": "其他",
          "value": "其他"
        }]
      }, {
        "placeholder": "原因说明",
        "key": "yysm",
        "value": "TERTE",
        "selector": "textarea",
        "isHidden": false,
        "readonly": true,
        "disable": false,
        "valids": ["required"],
        "asyncValids": [],
        "tips": "请输入"
      }, {
        "placeholder": "申请工作截止日",
        "key": "gzjzr",
        "value": "2020-12-24",
        "selector": "date",
        "isHidden": false,
        "readonly": true,
        "disable": false,
        "valids": ["required"],
        "asyncValids": [],
        "tips": "请输入"
      }],
      "hidden": false
    }, {
      "name": "部门审核",
      "expanded": 1,
      "fieldArray": [{
        "placeholder": "部门长",
        "key": "bmzbh",
        "value": "07072",
        "selector": "sheetlink",
        "isHidden": true,
        "readonly": true,
        "disable": false,
        "valids": [],
        "asyncValids": [],
        "tips": "请输入",
        "displayValue": "陈毅强",
        "params": {
          "workFlowId": "qjjfwpt_dev0816",
          "moduleName": "yonghuxinxi"
        }
      }, {
        "placeholder": "部门长名称",
        "key": "bumenzhang",
        "value": "陈毅强",
        "selector": "",
        "isHidden": true,
        "readonly": true,
        "disable": false,
        "valids": [],
        "asyncValids": [],
        "tips": "请输入"
      }, {
        "placeholder": "确认工作截止日",
        "key": "qrgzjzr",
        "value": "2020-12-24",
        "selector": "date",
        "isHidden": false,
        "readonly": false,
        "disable": false,
        "valids": [],
        "asyncValids": [],
        "tips": "请输入"
      }, {
        "placeholder": "企业账号保留至",
        "key": "qyzhjzr",
        "value": "2020-12-24",
        "selector": "date",
        "isHidden": false,
        "readonly": false,
        "disable": false,
        "valids": [],
        "asyncValids": [],
        "tips": "请输入"
      }, {
        "placeholder": "工资截止日",
        "key": "gzijzr",
        "value": "2020-12-10",
        "selector": "date",
        "isHidden": false,
        "readonly": false,
        "disable": false,
        "valids": [],
        "asyncValids": [],
        "tips": "请输入"
      }, {
        "placeholder": "交接人1",
        "key": "jjr1",
        "value": "00006",
        "selector": "sheetlink",
        "isHidden": false,
        "readonly": false,
        "disable": false,
        "valids": [],
        "asyncValids": [],
        "tips": "请输入",
        "displayValue": "周祖康",
        "params": {
          "workFlowId": "qjjfwpt_dev0852",
          "moduleName": "ygyhxx"
        }
      }, {
        "placeholder": "交接人2",
        "key": "jjr2",
        "value": "00007",
        "selector": "sheetlink",
        "isHidden": false,
        "readonly": false,
        "disable": false,
        "valids": [],
        "asyncValids": [],
        "tips": "请输入",
        "displayValue": "陆晓栋",
        "params": {
          "workFlowId": "qjjfwpt_dev0853",
          "moduleName": "ygyhxx"
        }
      }, {
        "placeholder": "交接人3",
        "key": "jjr3",
        "value": "00011",
        "selector": "sheetlink",
        "isHidden": false,
        "readonly": false,
        "disable": false,
        "valids": [],
        "asyncValids": [],
        "tips": "请输入",
        "displayValue": "王健曙",
        "params": {
          "workFlowId": "qjjfwpt_dev0854",
          "moduleName": "ygyhxx"
        }
      }, {
        "placeholder": "其他说明",
        "key": "qtsm",
        "value": "如社保有特殊需求，请在此填写",
        "selector": "textarea",
        "isHidden": false,
        "readonly": false,
        "disable": false,
        "valids": [],
        "asyncValids": [],
        "tips": "如社保有特殊需求，请在此填写"
      }],
      "hidden": false
    }, {
      "name": "财务审核(交接事项请勾选所有选项)",
      "expanded": 1,
      "fieldArray": [{
        "placeholder": "财务经办人",
        "key": "cwjbr",
        "value": "05155",
        "selector": "sheetlink",
        "isHidden": false,
        "readonly": true,
        "disable": false,
        "valids": [],
        "asyncValids": [],
        "tips": "请输入",
        "displayValue": "杨天智",
        "params": {
          "workFlowId": "qjjfwpt_dev0794",
          "moduleName": "yonghuxinxi"
        }
      }, {
        "placeholder": "财务经办人所属组",
        "key": "cwjbrssz",
        "value": "",
        "selector": "",
        "isHidden": true,
        "readonly": true,
        "disable": false,
        "valids": [],
        "asyncValids": [],
        "tips": "请输入"
      }, {
        "placeholder": "财务交接事项",
        "key": "cwjjsx",
        "value": "",
        "selector": "tagmultiselect",
        "isHidden": true,
        "readonly": true,
        "disable": false,
        "valids": [],
        "asyncValids": [],
        "tips": "请输入",
        "params": {
          "workFlowId": "qjjfwpt_dev0847",
          "moduleName": "jjsxcs"
        },
        "limit": 999,
        "valueArray": [{
          "label": "无个人借款",
          "show": "1"
        }, {
          "label": "备用金已结清",
          "show": "1"
        }]
      }, {
        "placeholder": "无个人借款",
        "key": "cwjjsx1",
        "value": "",
        "selector": "select",
        "isHidden": false,
        "readonly": true,
        "disable": false,
        "valids": [],
        "asyncValids": [],
        "tips": "请输入",
        "valueArray": [{
          "name": "是",
          "value": "是"
        }]
      }, {
        "placeholder": "备用金已结清",
        "key": "cwjjsx2",
        "value": "",
        "selector": "select",
        "isHidden": false,
        "readonly": true,
        "disable": false,
        "valids": [],
        "asyncValids": [],
        "tips": "请输入",
        "valueArray": [{
          "name": "是",
          "value": "是"
        }]
      }, {
        "placeholder": "财务代办情况",
        "key": "cwdbqk",
        "value": "无特殊情况，可不用填写。",
        "selector": "input",
        "isHidden": false,
        "readonly": true,
        "disable": false,
        "valids": [],
        "asyncValids": [],
        "tips": "请输入"
      }, {
        "placeholder": "财务交接状态",
        "key": "cwjjzt",
        "value": "",
        "selector": "input",
        "isHidden": false,
        "readonly": true,
        "disable": true,
        "valids": [],
        "asyncValids": [],
        "tips": "请输入"
      }],
      "hidden": false
    }, {
      "name": "行政审核(交接事项请勾选所有选项)",
      "expanded": 1,
      "fieldArray": [{
        "placeholder": "行政经办人",
        "key": "xzjbr",
        "value": "HR2020-000031",
        "selector": "sheetlink",
        "isHidden": false,
        "readonly": true,
        "disable": false,
        "valids": [],
        "asyncValids": [],
        "tips": "请输入",
        "displayValue": "谷明钰",
        "params": {
          "workFlowId": "qjjfwpt_dev0795",
          "moduleName": "yonghuxinxi"
        }
      }, {
        "placeholder": "固定资产确定已部门内部交接",
        "key": "xzjjsx1",
        "value": "",
        "selector": "select",
        "isHidden": false,
        "readonly": true,
        "disable": false,
        "valids": [],
        "asyncValids": [],
        "tips": "eg电脑、移动硬盘、相机照等",
        "valueArray": [{
          "name": "是",
          "value": "是"
        }]
      }, {
        "placeholder": "行政代办情况",
        "key": "xzdbqk",
        "value": "无特殊情况，可不用填写。",
        "selector": "input",
        "isHidden": false,
        "readonly": true,
        "disable": false,
        "valids": [],
        "asyncValids": [],
        "tips": "请输入"
      }, {
        "placeholder": "行政经办人2",
        "key": "xzjbr2",
        "value": "HR2020-000032",
        "selector": "sheetlink",
        "isHidden": false,
        "readonly": true,
        "disable": false,
        "valids": [],
        "asyncValids": [],
        "tips": "请输入",
        "displayValue": "戴江凯",
        "params": {
          "workFlowId": "qjjfwpt_dev0889",
          "moduleName": "yonghuxinxi"
        }
      }, {
        "placeholder": "无外借的档案及资料（包括营业执照等）",
        "key": "xzjjsx2",
        "value": "",
        "selector": "select",
        "isHidden": false,
        "readonly": true,
        "disable": false,
        "valids": [],
        "asyncValids": [],
        "tips": "请输入",
        "valueArray": [{
          "name": "是",
          "value": "是"
        }]
      }, {
        "placeholder": "行政代办情况2",
        "key": "xzdbqk2",
        "value": "无特殊情况，可不用填写。",
        "selector": "input",
        "isHidden": false,
        "readonly": true,
        "disable": false,
        "valids": [],
        "asyncValids": [],
        "tips": "请输入"
      }, {
        "placeholder": "行政经办人3",
        "key": "xzjbr3",
        "value": "-",
        "selector": "sheetlink",
        "isHidden": true,
        "readonly": true,
        "disable": false,
        "valids": [],
        "asyncValids": [],
        "tips": "请输入",
        "displayValue": "",
        "params": {
          "workFlowId": "qjjfwpt_dev0890",
          "moduleName": "yonghuxinxi"
        }
      }, {
        "placeholder": "行政经办人所属组",
        "key": "xzjbrssz",
        "value": "",
        "selector": "",
        "isHidden": true,
        "readonly": true,
        "disable": false,
        "valids": [],
        "asyncValids": [],
        "tips": "请输入"
      }, {
        "placeholder": "行政交接事项",
        "key": "xzjjsx",
        "value": "",
        "selector": "tagmultiselect",
        "isHidden": true,
        "readonly": true,
        "disable": false,
        "valids": [],
        "asyncValids": [],
        "tips": "请输入",
        "params": {
          "workFlowId": "qjjfwpt_dev0848",
          "moduleName": "jjsxcs"
        },
        "limit": 999,
        "valueArray": [{
          "label": "固定资产确定已部门内部交接（eg电脑、移动硬盘、相机照等）",
          "show": "1"
        }, {
          "label": "无外借的档案及资料（包括营业执照等）",
          "show": "1"
        }]
      }, {
        "placeholder": "行政交接状态",
        "key": "xzjjzt",
        "value": "",
        "selector": "input",
        "isHidden": false,
        "readonly": true,
        "disable": true,
        "valids": [],
        "asyncValids": [],
        "tips": "请输入"
      }],
      "hidden": false
    }, {
      "name": "审计审核(交接事项请勾选所有选项)",
      "expanded": 1,
      "fieldArray": [{
        "placeholder": "审计经办人",
        "key": "sjjbr",
        "value": "HR2020-000050",
        "selector": "sheetlink",
        "isHidden": false,
        "readonly": true,
        "disable": false,
        "valids": [],
        "asyncValids": [],
        "tips": "请输入",
        "displayValue": "王审计",
        "params": {
          "workFlowId": "qjjfwpt_dev0796",
          "moduleName": "yonghuxinxi"
        }
      }, {
        "placeholder": "审计经办人所属组",
        "key": "sjjbrssz",
        "value": "",
        "selector": "",
        "isHidden": true,
        "readonly": true,
        "disable": false,
        "valids": [],
        "asyncValids": [],
        "tips": "请输入"
      }, {
        "placeholder": "审计交接事项",
        "key": "sjjjsx",
        "value": "",
        "selector": "tagmultiselect",
        "isHidden": true,
        "readonly": true,
        "disable": false,
        "valids": [],
        "asyncValids": [],
        "tips": "请输入",
        "params": {
          "workFlowId": "qjjfwpt_dev0855",
          "moduleName": "jjsxcs"
        },
        "limit": 999,
        "valueArray": [{
          "label": "无借款",
          "show": "1"
        }, {
          "label": "无正在审计中的事项",
          "show": "1"
        }]
      }, {
        "placeholder": "无借款",
        "key": "sjjjsx1",
        "value": "",
        "selector": "select",
        "isHidden": false,
        "readonly": true,
        "disable": false,
        "valids": [],
        "asyncValids": [],
        "tips": "请输入",
        "valueArray": [{
          "name": "是",
          "value": "是"
        }]
      }, {
        "placeholder": "无正在审计中的事项",
        "key": "sjjjsx2",
        "value": "",
        "selector": "select",
        "isHidden": false,
        "readonly": true,
        "disable": false,
        "valids": [],
        "asyncValids": [],
        "tips": "请输入",
        "valueArray": [{
          "name": "是",
          "value": "是"
        }]
      }, {
        "placeholder": "审计代办情况",
        "key": "sjdbqk",
        "value": "无特殊情况，可不用填写。",
        "selector": "input",
        "isHidden": false,
        "readonly": true,
        "disable": false,
        "valids": [],
        "asyncValids": [],
        "tips": "请输入"
      }, {
        "placeholder": "审计交接状态",
        "key": "sjjjzt",
        "value": "",
        "selector": "input",
        "isHidden": false,
        "readonly": true,
        "disable": true,
        "valids": [],
        "asyncValids": [],
        "tips": "请输入"
      }],
      "hidden": false
    }, {
      "name": "党支部审核(交接事项请勾选所有选项)",
      "expanded": 1,
      "fieldArray": [{
        "placeholder": "党支部经办人",
        "key": "dzbjbr",
        "value": "",
        "selector": "sheetlink",
        "isHidden": false,
        "readonly": true,
        "disable": false,
        "valids": [],
        "asyncValids": [],
        "tips": "请输入",
        "params": {
          "workFlowId": "qjjfwpt_dev0797",
          "moduleName": "yonghuxinxi"
        }
      }, {
        "placeholder": "党支部经办人所属组",
        "key": "dzbjbrssz",
        "value": "",
        "selector": "",
        "isHidden": true,
        "readonly": true,
        "disable": false,
        "valids": [],
        "asyncValids": [],
        "tips": "请输入"
      }, {
        "placeholder": "是否完成党组织关系转移",
        "key": "dzbjjsx",
        "value": "",
        "selector": "select",
        "isHidden": false,
        "readonly": true,
        "disable": false,
        "valids": [],
        "asyncValids": [],
        "tips": "请输入",
        "valueArray": [{
          "name": "是",
          "value": "是"
        }]
      }, {
        "placeholder": "党支部代办情况",
        "key": "dzbdbqk",
        "value": "无特殊情况，可不用填写。",
        "selector": "input",
        "isHidden": false,
        "readonly": true,
        "disable": false,
        "valids": [],
        "asyncValids": [],
        "tips": "请输入"
      }, {
        "placeholder": "党支部交接状态",
        "key": "dzbjjzt",
        "value": "",
        "selector": "input",
        "isHidden": false,
        "readonly": true,
        "disable": true,
        "valids": [],
        "asyncValids": [],
        "tips": "请输入"
      }],
      "hidden": false
    }, {
      "name": "信息部审核(交接事项请勾选所有选项)",
      "expanded": 1,
      "fieldArray": [{
        "placeholder": "信息部经办人",
        "key": "xxbjbr",
        "value": "HR2020-000048",
        "selector": "sheetlink",
        "isHidden": false,
        "readonly": true,
        "disable": false,
        "valids": [],
        "asyncValids": [],
        "tips": "请输入",
        "displayValue": "李信息",
        "params": {
          "workFlowId": "qjjfwpt_dev0817",
          "moduleName": "yonghuxinxi"
        }
      }, {
        "placeholder": "信息部经办人所属组",
        "key": "xxbjbrssz",
        "value": "",
        "selector": "",
        "isHidden": true,
        "readonly": true,
        "disable": false,
        "valids": [],
        "asyncValids": [],
        "tips": "请输入"
      }, {
        "placeholder": "信息部交接事项",
        "key": "xxbjjsx",
        "value": "",
        "selector": "tagmultiselect",
        "isHidden": true,
        "readonly": true,
        "disable": false,
        "valids": [],
        "asyncValids": [],
        "tips": "请输入",
        "params": {
          "workFlowId": "qjjfwpt_dev0857",
          "moduleName": "jjsxcs"
        },
        "limit": 999,
        "valueArray": [{
          "label": "OA账号关闭",
          "show": "1"
        }, {
          "label": "邮箱关闭",
          "show": "1"
        }, {
          "label": "业务系统账号关闭",
          "show": "1"
        }, {
          "label": "域账号关闭",
          "show": "1"
        }, {
          "label": "钉钉、微信、企业号账号关闭",
          "show": "1"
        }, {
          "label": "门禁卡回收",
          "show": "1"
        }]
      }, {
        "placeholder": "OA账号关闭",
        "key": "xxbjjsx1",
        "value": "",
        "selector": "select",
        "isHidden": false,
        "readonly": true,
        "disable": false,
        "valids": [],
        "asyncValids": [],
        "tips": "请输入",
        "valueArray": [{
          "name": "是",
          "value": "是"
        }]
      }, {
        "placeholder": "邮箱关闭",
        "key": "xxbjjsx2",
        "value": "",
        "selector": "select",
        "isHidden": false,
        "readonly": true,
        "disable": false,
        "valids": [],
        "asyncValids": [],
        "tips": "请输入",
        "valueArray": [{
          "name": "是",
          "value": "是"
        }]
      }, {
        "placeholder": "业务系统账号关闭",
        "key": "xxbjjsx3",
        "value": "",
        "selector": "select",
        "isHidden": false,
        "readonly": true,
        "disable": false,
        "valids": [],
        "asyncValids": [],
        "tips": "请输入",
        "valueArray": [{
          "name": "是",
          "value": "是"
        }]
      }, {
        "placeholder": "域账号关闭",
        "key": "xxbjjsx4",
        "value": "",
        "selector": "select",
        "isHidden": false,
        "readonly": true,
        "disable": false,
        "valids": [],
        "asyncValids": [],
        "tips": "请输入",
        "valueArray": [{
          "name": "是",
          "value": "是"
        }]
      }, {
        "placeholder": "钉钉微信企业号账号关闭",
        "key": "xxbjjsx5",
        "value": "",
        "selector": "select",
        "isHidden": false,
        "readonly": true,
        "disable": false,
        "valids": [],
        "asyncValids": [],
        "tips": "请输入",
        "valueArray": [{
          "name": "是",
          "value": "是"
        }]
      }, {
        "placeholder": "门禁卡回收",
        "key": "xxbjjsx6",
        "value": "",
        "selector": "select",
        "isHidden": false,
        "readonly": true,
        "disable": false,
        "valids": [],
        "asyncValids": [],
        "tips": "请输入",
        "valueArray": [{
          "name": "是",
          "value": "是"
        }]
      }, {
        "placeholder": "信息部代办情况",
        "key": "xxbdbqk",
        "value": "无特殊情况，可不用填写。",
        "selector": "input",
        "isHidden": false,
        "readonly": true,
        "disable": false,
        "valids": [],
        "asyncValids": [],
        "tips": "请输入"
      }, {
        "placeholder": "信息部交接状态",
        "key": "xxbjjzt",
        "value": "",
        "selector": "input",
        "isHidden": false,
        "readonly": true,
        "disable": true,
        "valids": [],
        "asyncValids": [],
        "tips": "请输入"
      }],
      "hidden": false
    }, {
      "name": "人力资源中心审核(交接事项请勾选所有选项)",
      "expanded": 1,
      "fieldArray": [{
        "placeholder": "人力资源中心经办人",
        "key": "rlzyzxjbr",
        "value": "HR2020-000049",
        "selector": "sheetlink",
        "isHidden": false,
        "readonly": true,
        "disable": false,
        "valids": [],
        "asyncValids": [],
        "tips": "请输入",
        "displayValue": "周人力",
        "params": {
          "workFlowId": "qjjfwpt_dev0798",
          "moduleName": "yonghuxinxi"
        }
      }, {
        "placeholder": "社保交至",
        "key": "sbhgjjjz",
        "value": "",
        "selector": "yearmonth",
        "isHidden": false,
        "readonly": true,
        "disable": false,
        "valids": [],
        "asyncValids": [],
        "tips": "请输入"
      }, {
        "placeholder": "人力经办人所属组",
        "key": "rljbrssz",
        "value": "",
        "selector": "",
        "isHidden": true,
        "readonly": true,
        "disable": false,
        "valids": [],
        "asyncValids": [],
        "tips": "请输入"
      }, {
        "placeholder": "人力交接事项",
        "key": "rljjsx",
        "value": "",
        "selector": "tagmultiselect",
        "isHidden": true,
        "readonly": true,
        "disable": false,
        "valids": [],
        "asyncValids": [],
        "tips": "请输入",
        "params": {
          "workFlowId": "qjjfwpt_dev0858",
          "moduleName": "jjsxcs"
        },
        "limit": 999,
        "valueArray": []
      }, {
        "placeholder": "人力资源中心代办情况",
        "key": "rlzyzxdbqk",
        "value": "无特殊情况，可不用填写。",
        "selector": "input",
        "isHidden": false,
        "readonly": true,
        "disable": false,
        "valids": [],
        "asyncValids": [],
        "tips": "请输入"
      }, {
        "placeholder": "人力交接状态",
        "key": "rljjzt",
        "value": "",
        "selector": "input",
        "isHidden": false,
        "readonly": true,
        "disable": true,
        "valids": [],
        "asyncValids": [],
        "tips": "请输入"
      }],
      "hidden": false
    }, {
      "name": "系统信息",
      "expanded": 1,
      "fieldArray": [{
        "placeholder": "创建用户",
        "key": "createuser",
        "value": "HR2020-00218",
        "selector": "input",
        "isHidden": false,
        "readonly": true,
        "disable": false,
        "valids": [],
        "asyncValids": [],
        "tips": "请输入"
      }, {
        "placeholder": "创建用户姓名",
        "key": "cjyhxm",
        "value": "测试1118-4",
        "selector": "input",
        "isHidden": false,
        "readonly": true,
        "disable": false,
        "valids": [],
        "asyncValids": [],
        "tips": "请输入"
      }, {
        "placeholder": "创建日期",
        "key": "created_at",
        "value": "2020-12-01 19:58:13",
        "selector": "datetime",
        "isHidden": false,
        "readonly": true,
        "disable": false,
        "valids": [],
        "asyncValids": [],
        "tips": "请输入",
        "minDate": "",
        "maxDate": ""
      }, {
        "placeholder": "修改用户",
        "key": "modifyuser",
        "value": "07072",
        "selector": "input",
        "isHidden": false,
        "readonly": true,
        "disable": false,
        "valids": [],
        "asyncValids": [],
        "tips": "请输入"
      }, {
        "placeholder": "修改用户姓名",
        "key": "xgyhxm",
        "value": "陈毅强",
        "selector": "input",
        "isHidden": false,
        "readonly": true,
        "disable": false,
        "valids": [],
        "asyncValids": [],
        "tips": "请输入"
      }, {
        "placeholder": "修改日期",
        "key": "updated_at",
        "value": "2020-12-16 17:04:32",
        "selector": "datetime",
        "isHidden": false,
        "readonly": true,
        "disable": false,
        "valids": [],
        "asyncValids": [],
        "tips": "请输入",
        "minDate": "",
        "maxDate": ""
      }, {
        "placeholder": "所属组",
        "key": "groupname",
        "value": "",
        "selector": "input",
        "isHidden": true,
        "readonly": true,
        "disable": false,
        "valids": [],
        "asyncValids": [],
        "tips": "请输入"
      }, {
        "placeholder": "建档日期",
        "key": "jdrq",
        "value": "",
        "selector": "datetime",
        "isHidden": true,
        "readonly": true,
        "disable": false,
        "valids": [],
        "asyncValids": [],
        "tips": "请输入",
        "minDate": "",
        "maxDate": ""
      }, {
        "placeholder": "审批状态",
        "key": "spzt",
        "value": "1",
        "selector": "input",
        "isHidden": true,
        "readonly": true,
        "disable": false,
        "valids": [],
        "asyncValids": [],
        "tips": "请输入",
        "valueArray": [{
          "name": "审批中",
          "value": "1"
        }, {
          "name": "驳回",
          "value": "2"
        }, {
          "name": "归档",
          "value": "3"
        }, {
          "name": "未发起",
          "value": "4"
        }]
      }, {
        "placeholder": "政治面貌",
        "key": "zzmm",
        "value": "党员",
        "selector": "select",
        "isHidden": true,
        "readonly": true,
        "disable": false,
        "valids": [],
        "asyncValids": [],
        "tips": "请输入",
        "valueArray": [{
          "name": "群众",
          "value": "群众"
        }, {
          "name": "党员",
          "value": "党员"
        }, {
          "name": "团员",
          "value": "团员"
        }, {
          "name": "其他",
          "value": "其他"
        }]
      }, {
        "placeholder": "创建用户角色",
        "key": "cjyhjs",
        "value": "普通员工",
        "selector": "",
        "isHidden": true,
        "readonly": true,
        "disable": false,
        "valids": [],
        "asyncValids": [],
        "tips": "请输入"
      }, {
        "placeholder": "职级1",
        "key": "zhiji1",
        "value": "10.0",
        "selector": "",
        "isHidden": true,
        "readonly": true,
        "disable": false,
        "valids": [],
        "asyncValids": [],
        "tips": "请输入"
      }, {
        "placeholder": "离职前置审批人编号",
        "key": "lzqzsprbh",
        "value": "",
        "selector": "",
        "isHidden": true,
        "readonly": true,
        "disable": false,
        "valids": [],
        "asyncValids": [],
        "tips": "请输入"
      }, {
        "placeholder": "离职前置审批人",
        "key": "lzqzspr",
        "value": "",
        "selector": "",
        "isHidden": true,
        "readonly": true,
        "disable": false,
        "valids": [],
        "asyncValids": [],
        "tips": "请输入"
      }, {
        "placeholder": "分管副总",
        "key": "fgfzbh",
        "value": "",
        "selector": "",
        "isHidden": true,
        "readonly": true,
        "disable": false,
        "valids": [],
        "asyncValids": [],
        "tips": "请输入"
      }, {
        "placeholder": "分管副总名称",
        "key": "fgfz",
        "value": "朱炜",
        "selector": "",
        "isHidden": true,
        "readonly": true,
        "disable": false,
        "valids": [],
        "asyncValids": [],
        "tips": "请输入"
      }, {
        "placeholder": "经营单位1",
        "key": "fgfz1",
        "value": "",
        "selector": "",
        "isHidden": true,
        "readonly": true,
        "disable": true,
        "valids": [],
        "asyncValids": [],
        "tips": "请输入"
      }, {
        "placeholder": "经营单位2",
        "key": "fgfz2",
        "value": "",
        "selector": "",
        "isHidden": true,
        "readonly": true,
        "disable": true,
        "valids": [],
        "asyncValids": [],
        "tips": "请输入"
      }, {
        "placeholder": "入职日期",
        "key": "ruzhiriqi",
        "value": "2020-11-17",
        "selector": "date",
        "isHidden": true,
        "readonly": true,
        "disable": false,
        "valids": [],
        "asyncValids": [],
        "tips": "请输入"
      }, {
        "placeholder": "性别",
        "key": "xingbie",
        "value": "M",
        "selector": "input",
        "isHidden": true,
        "readonly": true,
        "disable": false,
        "valids": [],
        "asyncValids": [],
        "tips": "请输入",
        "valueArray": [{
          "name": "男",
          "value": "M"
        }, {
          "name": "女",
          "value": "F"
        }]
      }, {
        "placeholder": "星级",
        "key": "xingji",
        "value": "",
        "selector": "",
        "isHidden": true,
        "readonly": true,
        "disable": false,
        "valids": [],
        "asyncValids": [],
        "tips": "请输入"
      }, {
        "placeholder": "联系电话",
        "key": "lxdh",
        "value": "18878945689",
        "selector": "",
        "isHidden": true,
        "readonly": true,
        "disable": false,
        "valids": [],
        "asyncValids": [],
        "tips": "请输入"
      }, {
        "placeholder": "上级领导",
        "key": "sjld",
        "value": "04563",
        "selector": "",
        "isHidden": true,
        "readonly": true,
        "disable": false,
        "valids": [],
        "asyncValids": [],
        "tips": "请输入"
      }, {
        "placeholder": "考勤上级",
        "key": "kqsj",
        "value": "07072",
        "selector": "",
        "isHidden": true,
        "readonly": true,
        "disable": false,
        "valids": [],
        "asyncValids": [],
        "tips": "请输入"
      }, {
        "placeholder": "共享用户",
        "key": "allianceusers",
        "value": "",
        "selector": "",
        "isHidden": true,
        "readonly": true,
        "disable": false,
        "valids": [],
        "asyncValids": [],
        "tips": "请输入"
      }],
      "hidden": false
    }],
    "chilerenData": []
  }
}
