{
  "status": 1,
  "msg": "",
  "payload": {
    "isApprovalFlow": true,
    "isEdit": true,
    "title": "转正评估",
    "baseData": {
      "cols": "4",
      "itemData": ""
    },
    "moreData": [{
      "groupName": "基本信息",
      "group_Display": true,
      "itemData": [{
        "name": "编号",
        "value": "HRPG202101-000050",
        "key": "ID",
        "selector": "hidden",
        "realvalue": "HRPG202101-000050"
      }, {
        "name": "员工工号",
        "value": "07710",
        "key": "yggh",
        "selector": "display-default",
        "realvalue": "07710"
      }, {
        "name": "姓名",
        "value": "测试1207-2",
        "key": "ygxm",
        "selector": "display-default",
        "realvalue": "测试1207-2"
      }, {
        "name": "部门",
        "value": "A252,A252B17800,A252B17800C20500",
        "key": "bumen",
        "selector": "hidden",
        "realvalue": "A252,A252B17800,A252B17800C20500"
      }, {
        "name": "部门名称",
        "value": "全筑智慧科技集团\/智能云事业部\/建模部",
        "key": "bumen_name",
        "selector": "display-default",
        "realvalue": "全筑智慧科技集团\/智能云事业部\/建模部"
      }, {
        "name": "岗位",
        "value": "测试",
        "key": "gangwei",
        "selector": "display-default",
        "realvalue": "测试"
      }, {
        "name": "入职日期",
        "value": "2020-12-09",
        "key": "ruzhiriqi",
        "selector": "hidden",
        "realvalue": "2020-12-09"
      }, {
        "name": "评估起始日期",
        "value": "2021-01-25",
        "key": "jxpgzqqs",
        "selector": "display-date",
        "realvalue": "2021-01-25"
      }, {
        "name": "评估截止日期",
        "value": "2021-01-31",
        "key": "jxpgzqjz",
        "selector": "display-date",
        "realvalue": "2021-01-31"
      }, {
        "name": "自我评语",
        "value": "ceshiceshiceshiceshiceshiceshiceshiceshiceshiceshiceshiceshiceshiceshiceshiceshiceshiceshiceshiceshi",
        "key": "ziwopingyu",
        "selector": "display-desc",
        "realvalue": "ceshiceshiceshiceshiceshiceshiceshiceshiceshiceshiceshiceshiceshiceshiceshiceshiceshiceshiceshiceshi"
      }, {
        "name": "考核人工号",
        "value": "07072",
        "key": "khrgh",
        "selector": "hidden",
        "realvalue": "07072"
      }]
    }, {
      "groupName": "考核评估",
      "group_Display": true,
      "itemData": [{
        "name": "直接上级",
        "value": "陈毅强",
        "key": "khrxm",
        "selector": "display-default",
        "realvalue": "陈毅强"
      }, {
        "name": "考核人部门",
        "value": "A252,A252B17800,A252B17800C20500",
        "key": "khrbm",
        "selector": "hidden",
        "realvalue": "A252,A252B17800,A252B17800C20500"
      }, {
        "name": "考核人部门名",
        "value": "全筑智慧科技集团\/智能云事业部\/建模部",
        "key": "khrbm_name",
        "selector": "hidden",
        "realvalue": "全筑智慧科技集团\/智能云事业部\/建模部"
      }, {
        "name": "考核人岗位",
        "value": "建模部经理",
        "key": "khrgw",
        "selector": "hidden",
        "realvalue": "建模部经理"
      }, {
        "name": "直接上级意见",
        "value": "测试",
        "key": "zjsjyj",
        "selector": "display-desc",
        "realvalue": "测试"
      }, {
        "name": "部门长",
        "value": "陈毅强",
        "key": "bmzbh",
        "selector": "display-default",
        "realvalue": "07072"
      }, {
        "name": "部门长意见",
        "value": "啊实打实打算",
        "key": "bmcyj",
        "selector": "display-desc",
        "realvalue": "啊实打实打算"
      }, {
        "name": "考核人2",
        "value": "-",
        "key": "kaoheren2",
        "selector": "display-default",
        "realvalue": "-"
      }, {
        "name": "考核意见2",
        "value": "请填写意见",
        "key": "khyj2",
        "selector": "display-desc",
        "realvalue": "请填写意见"
      }, {
        "name": "考核人3",
        "value": "-",
        "key": "kaoheren3",
        "selector": "display-default",
        "realvalue": "-"
      }, {
        "name": "考核意见3",
        "value": "请填写意见",
        "key": "khyj3",
        "selector": "display-desc",
        "realvalue": "请填写意见"
      }, {
        "name": "参加时间",
        "value": "",
        "key": "cjsj",
        "selector": "hidden",
        "realvalue": ""
      }, {
        "name": "考试成绩",
        "value": "",
        "key": "kscj",
        "selector": "hidden",
        "realvalue": ""
      }, {
        "name": "奖励记录",
        "value": "",
        "key": "jianglijilu",
        "selector": "hidden",
        "realvalue": ""
      }, {
        "name": "惩罚记录",
        "value": "",
        "key": "chengfajilu",
        "selector": "hidden",
        "realvalue": ""
      }]
    }, {
      "groupName": "员工发展意见",
      "group_Display": true,
      "itemData": [{
        "name": "转正后岗位定",
        "value": "运营",
        "key": "zzhgwdw",
        "selector": "display-desc",
        "realvalue": "运营"
      }, {
        "name": "未来两年目标",
        "value": "高级运营",
        "key": "wllnmb",
        "selector": "display-desc",
        "realvalue": "高级运营"
      }]
    }, {
      "groupName": "评估结果",
      "group_Display": true,
      "itemData": [{
        "name": "自评分数",
        "value": "83",
        "key": "zpfs",
        "selector": "display-default",
        "realvalue": "83"
      }, {
        "name": "部门评分",
        "value": "0",
        "key": "zongpingfen",
        "selector": "display-default",
        "realvalue": "0"
      }, {
        "name": "是否通过转正",
        "value": "",
        "key": "sftgzz",
        "selector": "display-tag",
        "realvalue": ""
      }]
    }, {
      "groupName": "系统信息",
      "group_Display": true,
      "itemData": [{
        "name": "创建用户",
        "value": "18813088776",
        "key": "createuser",
        "selector": "display-default",
        "realvalue": "18813088776"
      }, {
        "name": "创建用户姓名",
        "value": "詹欣",
        "key": "cjyhxm",
        "selector": "display-default",
        "realvalue": "詹欣"
      }, {
        "name": "创建用户角色",
        "value": "系统管理员",
        "key": "cjyhjs",
        "selector": "hidden",
        "realvalue": "系统管理员"
      }, {
        "name": "创建日期",
        "value": "2021-01-19 10:44:51",
        "key": "created_at",
        "selector": "display-datetime",
        "realvalue": "2021-01-19 10:44:51"
      }, {
        "name": "修改用户",
        "value": "18813088776",
        "key": "modifyuser",
        "selector": "hidden",
        "realvalue": "18813088776"
      }, {
        "name": "修改用户姓名",
        "value": "詹欣",
        "key": "xgyhxm",
        "selector": "hidden",
        "realvalue": "詹欣"
      }, {
        "name": "修改日期",
        "value": "2021-01-25 17:57:13",
        "key": "updated_at",
        "selector": "hidden",
        "realvalue": "2021-01-25 17:57:13"
      }, {
        "name": "所属组",
        "value": "",
        "key": "groupname",
        "selector": "hidden",
        "realvalue": ""
      }, {
        "name": "建档日期",
        "value": "",
        "key": "jdrq",
        "selector": "hidden",
        "realvalue": ""
      }, {
        "name": "审批状态",
        "value": "审批中",
        "key": "spzt",
        "selector": "hidden",
        "realvalue": "1"
      }, {
        "name": "暂存状态",
        "value": "",
        "key": "tempsave",
        "selector": "hidden",
        "realvalue": ""
      }, {
        "name": "评分标准",
        "value": "评估工作业绩是否符合岗位要求和部门期望\n1. 85分以上：创造性地、完全超乎预期地达成目标\n2. 75至84分：明显超越目标\n3. 75分：    符合\/达成绩效目标要求\n4. 70至74分：勉强完成目标，但尚有一些差距\n5. 69分以下：与目标存在较明显差距",
        "key": "pfbz",
        "selector": "display-desc",
        "realvalue": "评估工作业绩是否符合岗位要求和部门期望\n1. 85分以上：创造性地、完全超乎预期地达成目标\n2. 75至84分：明显超越目标\n3. 75分：    符合\/达成绩效目标要求\n4. 70至74分：勉强完成目标，但尚有一些差距\n5. 69分以下：与目标存在较明显差距"
      }, {
        "name": "上级领导",
        "value": "07072",
        "key": "sjld",
        "selector": "hidden",
        "realvalue": "07072"
      }, {
        "name": "HRBP负责",
        "value": "",
        "key": "hrbpfuzeren",
        "selector": "hidden",
        "realvalue": ""
      }, {
        "name": "部门审核",
        "value": "",
        "key": "bmsh",
        "selector": "hidden",
        "realvalue": ""
      }, {
        "name": "BP负责人",
        "value": "04377",
        "key": "bpfuzeren",
        "selector": "hidden",
        "realvalue": "04377"
      }]
    }],
    "chilerenData": [{
      "displayStyle": "default",
      "listData": [{
        "id": "HRPG202101-000050",
        "isDel": true,
        "isEdit": true,
        "pic": [],
        "cols": "4",
        "chileren_id": "94",
        "itemData": [{
          "key": "ID",
          "realValue": "94",
          "name": "编号",
          "value": "94",
          "selector": "hidden",
          "colspan": "4"
        }, {
          "key": "serial",
          "realValue": "1.00",
          "name": "序号",
          "value": "1.00",
          "selector": "hidden",
          "colspan": "2"
        }, {
          "key": "khxm",
          "realValue": "1",
          "name": "考核项目",
          "value": "1",
          "selector": "display-default",
          "colspan": "4"
        }, {
          "key": "jxmbjhlbz",
          "realValue": "测试1",
          "name": "绩效目标及衡",
          "value": "测试1",
          "selector": "display-desc",
          "colspan": "4"
        }, {
          "key": "quanzhong",
          "realValue": "20",
          "name": "权重",
          "value": "20",
          "selector": "display-default",
          "colspan": "2"
        }, {
          "key": "leixing",
          "realValue": "",
          "name": "类型",
          "value": "",
          "selector": "display-default",
          "colspan": "2"
        }, {
          "key": "jhwcsj",
          "realValue": "",
          "name": "计划完成时间",
          "value": "",
          "selector": "display-date",
          "colspan": "2"
        }, {
          "key": "ziping",
          "realValue": "80",
          "name": "自评",
          "value": "80",
          "selector": "display-default",
          "colspan": "2"
        }, {
          "key": "zwpjyj",
          "realValue": "",
          "name": "自我评价依据",
          "value": "",
          "selector": "display-default",
          "colspan": "4"
        }, {
          "key": "sjpf",
          "realValue": "80",
          "name": "上级评分",
          "value": "80",
          "selector": "display-default",
          "colspan": "2"
        }, {
          "key": "sjpjyj",
          "realValue": "",
          "name": "上级评价依据",
          "value": "",
          "selector": "display-default",
          "colspan": "4"
        }, {
          "key": "fk",
          "realValue": "HRPG202101-000050",
          "name": "主表编号",
          "value": "HRPG202101-000050",
          "selector": "hidden",
          "colspan": "4"
        }]
      }, {
        "id": "HRPG202101-000050",
        "isDel": true,
        "isEdit": true,
        "pic": [],
        "cols": "4",
        "chileren_id": "95",
        "itemData": [{
          "key": "ID",
          "realValue": "95",
          "name": "编号",
          "value": "95",
          "selector": "hidden",
          "colspan": "4"
        }, {
          "key": "serial",
          "realValue": "2.00",
          "name": "序号",
          "value": "2.00",
          "selector": "hidden",
          "colspan": "2"
        }, {
          "key": "khxm",
          "realValue": "2",
          "name": "考核项目",
          "value": "2",
          "selector": "display-default",
          "colspan": "4"
        }, {
          "key": "jxmbjhlbz",
          "realValue": "测试2",
          "name": "绩效目标及衡",
          "value": "测试2",
          "selector": "display-desc",
          "colspan": "4"
        }, {
          "key": "quanzhong",
          "realValue": "30",
          "name": "权重",
          "value": "30",
          "selector": "display-default",
          "colspan": "2"
        }, {
          "key": "leixing",
          "realValue": "",
          "name": "类型",
          "value": "",
          "selector": "display-default",
          "colspan": "2"
        }, {
          "key": "jhwcsj",
          "realValue": "",
          "name": "计划完成时间",
          "value": "",
          "selector": "display-date",
          "colspan": "2"
        }, {
          "key": "ziping",
          "realValue": "80",
          "name": "自评",
          "value": "80",
          "selector": "display-default",
          "colspan": "2"
        }, {
          "key": "zwpjyj",
          "realValue": "",
          "name": "自我评价依据",
          "value": "",
          "selector": "display-default",
          "colspan": "4"
        }, {
          "key": "sjpf",
          "realValue": "75",
          "name": "上级评分",
          "value": "75",
          "selector": "display-default",
          "colspan": "2"
        }, {
          "key": "sjpjyj",
          "realValue": "",
          "name": "上级评价依据",
          "value": "",
          "selector": "display-default",
          "colspan": "4"
        }, {
          "key": "fk",
          "realValue": "HRPG202101-000050",
          "name": "主表编号",
          "value": "HRPG202101-000050",
          "selector": "hidden",
          "colspan": "4"
        }]
      }, {
        "id": "HRPG202101-000050",
        "isDel": true,
        "isEdit": true,
        "pic": [],
        "cols": "4",
        "chileren_id": "96",
        "itemData": [{
          "key": "ID",
          "realValue": "96",
          "name": "编号",
          "value": "96",
          "selector": "hidden",
          "colspan": "4"
        }, {
          "key": "serial",
          "realValue": "3.00",
          "name": "序号",
          "value": "3.00",
          "selector": "hidden",
          "colspan": "2"
        }, {
          "key": "khxm",
          "realValue": "3",
          "name": "考核项目",
          "value": "3",
          "selector": "display-default",
          "colspan": "4"
        }, {
          "key": "jxmbjhlbz",
          "realValue": "测试2",
          "name": "绩效目标及衡",
          "value": "测试2",
          "selector": "display-desc",
          "colspan": "4"
        }, {
          "key": "quanzhong",
          "realValue": "50",
          "name": "权重",
          "value": "50",
          "selector": "display-default",
          "colspan": "2"
        }, {
          "key": "leixing",
          "realValue": "",
          "name": "类型",
          "value": "",
          "selector": "display-default",
          "colspan": "2"
        }, {
          "key": "jhwcsj",
          "realValue": "",
          "name": "计划完成时间",
          "value": "",
          "selector": "display-date",
          "colspan": "2"
        }, {
          "key": "ziping",
          "realValue": "86",
          "name": "自评",
          "value": "86",
          "selector": "display-default",
          "colspan": "2"
        }, {
          "key": "zwpjyj",
          "realValue": "dsdsdsdsd",
          "name": "自我评价依据",
          "value": "dsdsdsdsd",
          "selector": "display-default",
          "colspan": "4"
        }, {
          "key": "sjpf",
          "realValue": "75",
          "name": "上级评分",
          "value": "75",
          "selector": "display-default",
          "colspan": "2"
        }, {
          "key": "sjpjyj",
          "realValue": "",
          "name": "上级评价依据",
          "value": "",
          "selector": "display-default",
          "colspan": "4"
        }, {
          "key": "fk",
          "realValue": "HRPG202101-000050",
          "name": "主表编号",
          "value": "HRPG202101-000050",
          "selector": "hidden",
          "colspan": "4"
        }]
      }],
      "moduleName": "t_zzpg_1",
      "name": "工作目标及评分",
      "isAdd": true,
      "isHide": false
    }, {
      "displayStyle": "default",
      "listData": [{
        "id": "HRPG202101-000050",
        "isDel": true,
        "isEdit": true,
        "pic": [],
        "cols": "4",
        "chileren_id": "399",
        "itemData": [{
          "key": "ID",
          "realValue": "399",
          "name": "编号",
          "value": "399",
          "selector": "hidden",
          "colspan": "4"
        }, {
          "key": "serial",
          "realValue": "1.00",
          "name": "序号",
          "value": "1.00",
          "selector": "hidden",
          "colspan": "2"
        }, {
          "key": "whjzg",
          "realValue": "激情",
          "name": "文化价值观",
          "value": "激情",
          "selector": "display-default",
          "colspan": "2"
        }, {
          "key": "whjzgnh",
          "realValue": "积极：主人翁意识，热爱工作和生活，有情怀与梦想。\r\n渴望：渴望成功，并坚信付出才有回报；今天的成绩是明天的最低标准，追求卓越，永不言败。\r\n正能量：以积极乐观的心态面对工作、影响团队；顾全大局，不计较眼前得失",
          "name": "文化价值观内",
          "value": "积极：主人翁意识，热爱工作和生活，有情怀与梦想。\r\n渴望：渴望成功，并坚信付出才有回报；今天的成绩是明天的最低标准，追求卓越，永不言败。\r\n正能量：以积极乐观的心态面对工作、影响团队；顾全大局，不计较眼前得失",
          "selector": "display-desc",
          "colspan": "4"
        }, {
          "key": "ziping",
          "realValue": "80",
          "name": "自评",
          "value": "80",
          "selector": "display-default",
          "colspan": "2"
        }, {
          "key": "zwpjyj",
          "realValue": "",
          "name": "自我评价依据",
          "value": "",
          "selector": "display-default",
          "colspan": "4"
        }, {
          "key": "sjpf",
          "realValue": "80",
          "name": "上级评分",
          "value": "80",
          "selector": "display-default",
          "colspan": "2"
        }, {
          "key": "sjpjyj",
          "realValue": "",
          "name": "上级评价依据",
          "value": "",
          "selector": "display-default",
          "colspan": "4"
        }, {
          "key": "fk",
          "realValue": "HRPG202101-000050",
          "name": "主表编号",
          "value": "HRPG202101-000050",
          "selector": "hidden",
          "colspan": "4"
        }]
      }, {
        "id": "HRPG202101-000050",
        "isDel": true,
        "isEdit": true,
        "pic": [],
        "cols": "4",
        "chileren_id": "400",
        "itemData": [{
          "key": "ID",
          "realValue": "400",
          "name": "编号",
          "value": "400",
          "selector": "hidden",
          "colspan": "4"
        }, {
          "key": "serial",
          "realValue": "2.00",
          "name": "序号",
          "value": "2.00",
          "selector": "hidden",
          "colspan": "2"
        }, {
          "key": "whjzg",
          "realValue": "激励",
          "name": "文化价值观",
          "value": "激励",
          "selector": "display-default",
          "colspan": "2"
        }, {
          "key": "whjzgnh",
          "realValue": "共享：有奖必赏，有错必罚。不让奋斗者吃亏，不容忍懒惰者坐享其成。\r\n成就：成就员工，成就客户，成就公司使命。\r\n伙伴：积极分享，互帮互助，善用团队力量解决问题。",
          "name": "文化价值观内",
          "value": "共享：有奖必赏，有错必罚。不让奋斗者吃亏，不容忍懒惰者坐享其成。\r\n成就：成就员工，成就客户，成就公司使命。\r\n伙伴：积极分享，互帮互助，善用团队力量解决问题。",
          "selector": "display-desc",
          "colspan": "4"
        }, {
          "key": "ziping",
          "realValue": "80",
          "name": "自评",
          "value": "80",
          "selector": "display-default",
          "colspan": "2"
        }, {
          "key": "zwpjyj",
          "realValue": "",
          "name": "自我评价依据",
          "value": "",
          "selector": "display-default",
          "colspan": "4"
        }, {
          "key": "sjpf",
          "realValue": "75",
          "name": "上级评分",
          "value": "75",
          "selector": "display-default",
          "colspan": "2"
        }, {
          "key": "sjpjyj",
          "realValue": "",
          "name": "上级评价依据",
          "value": "",
          "selector": "display-default",
          "colspan": "4"
        }, {
          "key": "fk",
          "realValue": "HRPG202101-000050",
          "name": "主表编号",
          "value": "HRPG202101-000050",
          "selector": "hidden",
          "colspan": "4"
        }]
      }, {
        "id": "HRPG202101-000050",
        "isDel": true,
        "isEdit": true,
        "pic": [],
        "cols": "4",
        "chileren_id": "401",
        "itemData": [{
          "key": "ID",
          "realValue": "401",
          "name": "编号",
          "value": "401",
          "selector": "hidden",
          "colspan": "4"
        }, {
          "key": "serial",
          "realValue": "3.00",
          "name": "序号",
          "value": "3.00",
          "selector": "hidden",
          "colspan": "2"
        }, {
          "key": "whjzg",
          "realValue": "务实",
          "name": "文化价值观",
          "value": "务实",
          "selector": "display-default",
          "colspan": "2"
        }, {
          "key": "whjzgnh",
          "realValue": "真诚：真心实意，以诚待人，信守承诺；开放包容，就事论事，善与不同类型伙伴合作。\r\n守则：敬畏规则，尊重制度，有红线意识。\r\n实干：求真务实，敢于担当，以结果为导向，不断挑战更难的事",
          "name": "文化价值观内",
          "value": "真诚：真心实意，以诚待人，信守承诺；开放包容，就事论事，善与不同类型伙伴合作。\r\n守则：敬畏规则，尊重制度，有红线意识。\r\n实干：求真务实，敢于担当，以结果为导向，不断挑战更难的事",
          "selector": "display-desc",
          "colspan": "4"
        }, {
          "key": "ziping",
          "realValue": "80",
          "name": "自评",
          "value": "80",
          "selector": "display-default",
          "colspan": "2"
        }, {
          "key": "zwpjyj",
          "realValue": "",
          "name": "自我评价依据",
          "value": "",
          "selector": "display-default",
          "colspan": "4"
        }, {
          "key": "sjpf",
          "realValue": "77",
          "name": "上级评分",
          "value": "77",
          "selector": "display-default",
          "colspan": "2"
        }, {
          "key": "sjpjyj",
          "realValue": "",
          "name": "上级评价依据",
          "value": "",
          "selector": "display-default",
          "colspan": "4"
        }, {
          "key": "fk",
          "realValue": "HRPG202101-000050",
          "name": "主表编号",
          "value": "HRPG202101-000050",
          "selector": "hidden",
          "colspan": "4"
        }]
      }, {
        "id": "HRPG202101-000050",
        "isDel": true,
        "isEdit": true,
        "pic": [],
        "cols": "4",
        "chileren_id": "402",
        "itemData": [{
          "key": "ID",
          "realValue": "402",
          "name": "编号",
          "value": "402",
          "selector": "hidden",
          "colspan": "4"
        }, {
          "key": "serial",
          "realValue": "4.00",
          "name": "序号",
          "value": "4.00",
          "selector": "hidden",
          "colspan": "2"
        }, {
          "key": "whjzg",
          "realValue": "务精",
          "name": "文化价值观",
          "value": "务精",
          "selector": "display-default",
          "colspan": "2"
        }, {
          "key": "whjzgnh",
          "realValue": "进取：善于学习，敢于突破常规，与时俱进，拥抱变化。\r\n创新：有前瞻意识，主动寻找差距，勇于自我否定，擅于建立新方法和新思路创造变化。\r\n至臻：以工匠精神做项目，用精益理念干工作，追求极致，将问题考虑周全，将目标设定高远。",
          "name": "文化价值观内",
          "value": "进取：善于学习，敢于突破常规，与时俱进，拥抱变化。\r\n创新：有前瞻意识，主动寻找差距，勇于自我否定，擅于建立新方法和新思路创造变化。\r\n至臻：以工匠精神做项目，用精益理念干工作，追求极致，将问题考虑周全，将目标设定高远。",
          "selector": "display-desc",
          "colspan": "4"
        }, {
          "key": "ziping",
          "realValue": "85",
          "name": "自评",
          "value": "85",
          "selector": "display-default",
          "colspan": "2"
        }, {
          "key": "zwpjyj",
          "realValue": "sdsdsd",
          "name": "自我评价依据",
          "value": "sdsdsd",
          "selector": "display-default",
          "colspan": "4"
        }, {
          "key": "sjpf",
          "realValue": "77",
          "name": "上级评分",
          "value": "77",
          "selector": "display-default",
          "colspan": "2"
        }, {
          "key": "sjpjyj",
          "realValue": "",
          "name": "上级评价依据",
          "value": "",
          "selector": "display-default",
          "colspan": "4"
        }, {
          "key": "fk",
          "realValue": "HRPG202101-000050",
          "name": "主表编号",
          "value": "HRPG202101-000050",
          "selector": "hidden",
          "colspan": "4"
        }]
      }],
      "moduleName": "t_zzpg_2",
      "name": "文化价值观及评估",
      "isAdd": true,
      "isHide": false
    }],
    "Extra": [],
    "relevantModuleData": [],
    "approvalData": {
      "node_now": "HRNode000665",
      "isShowSubmitBtn": false,
      "baseOpenFiled": [{
        "key": "zjsjyj",
        "required":true,
        "readonly":false
      }, {
        "key": "zzhgwdw",
        "required":true,
        "readonly":false
      }, {
        "key": "wllnmb",
        "required":true,
        "readonly":false
      }],
      "chilerenOpenFiled": {
        "t_zzpg_1": [{
          "key": "khxm"
        }, {
          "key": "jxmbjhlbz"
        }, {
          "key": "quanzhong"
        }, {
          "key": "leixing",
          "required":false,
          "readonly":true
        }, {
          "key": "ziping",
          "required":false,
          "readonly":true
        }, {
          "key": "sjpf",
          "required":false,
          "readonly":false
        }, {
          "key": "sjpjyj",
          "required":false,
          "readonly":false
        }, {
          "key": "jhwcsj",
          "required":false,
          "readonly":false
        }],
        "t_zzpg_2": [{
          "key": "whjzg",
          "required":false,
          "readonly":false
        }, {
          "key": "whjzgnh",
          "required":false,
          "readonly":false
        }, {
          "key": "ziping",
          "required":false,
          "readonly":false
        }, {
          "key": "sjpf",
          "required":false,
          "readonly":false
        }, {
          "key": "sjpjyj",
          "required":false,
          "readonly":false
        }]
      },
      "logData": [{
        "user": "上级领导审批 - 陈毅强",
        "result": "wait",
        "users": [],
        "message": "",
        "date": "2021-01-28 14:16:09"
      }, {
        "user": "詹欣",
        "result": "start",
        "message": "",
        "date": "2021-01-25 17:57:14"
      }],
      "rejectData": [{
        "value": -1,
        "label": "驳回至发起人"
      }],
      "isSubmit": false,
      "isApprovalPending": true,
      "isComplete": false,
      "approvalStatus": 1,
      "approvalerData": [{
        "value": "04377",
        "label": "04377",
        "name": "管琳 - HRBP2组"
      }]
    },
    "Calculation": [{
      "code": "var str=(string)(M.bumen);\nvar arr=str.split(\",\");\nif(str != ''){\n    VueVNode.tempData.bumen=arr;\n}",
      "field": "bumen",
      "call_type": 0
    }, {
      "code": "var str=(string)(M.khrbm);\nvar arr=str.split(\",\");\nif(str != ''){\n    VueVNode.tempData.khrbm=arr;\n}",
      "field": "khrbm",
      "call_type": 0
    }, {
      "code": "var zqz = 0;\nvar zsjpf = 0;\nvar zsjpf2 = 0;\nvar zzpf = 0;\nvar zzpf2 = 0;\nvar i = 0;\nvar j = 0;\n::t_zzpg_1::{\n    zqz += @(number)(S.quanzhong);\n    zsjpf += @(number)(S.sjpf)*@(number)(S.quanzhong)\/100;\n    zzpf += @(number)(S.ziping)*@(number)(S.quanzhong)\/100;\n    i++;\n}\n::t_zzpg_2::{\n    zsjpf2 += @(number)(S.sjpf);\n    zzpf2 += @(number)(S.ziping);\n    j++;\n}\nif(zqz > 100){\n    alert('考核权重总和必须等于100');\n    return false;\n}\nif(isNaN(zsjpf)){\n    alert('hello');\n    M.zongpingfen = ((zsjpf2\/j)*0.2).toFixed(0);\n    M.zpfs = ((zzpf2\/j)*0.2).toFixed(0);\n}else{\n    M.zongpingfen = (zsjpf*0.8+(zsjpf2\/j)*0.2).toFixed(0);\n    M.zpfs = (zzpf*0.8+(zzpf2\/j)*0.2).toFixed(0);\n}\n",
      "field": "",
      "call_type": 1
    }, {
      "code": "var zqz = 0;\nvar i = 0;\nif((string)(M.ziwopingyu).length<50){\n    setColor('M','ziwopingyu','#F56C6C');\n    alert('自我评语不少于50字!');\n    return false;\n}\n::t_zzpg_1::{\n    zqz += @(number)(S.quanzhong);\n    i++;\n    if(@(number)(S.ziping) == ''){\n        alert('工作目标的自评必填!');\n        return false;\n    }\n    if(@(number)(S.ziping)>100 || @(number)(S.ziping)<0){\n        alert('工作目标自评分数为0~100!');\n        return false;\n    }\n    if(@(number)(S.ziping)>=85 && @(string)(S.zwpjyj) == ''){\n        alert('工作目标自评分数超过85分(包含85分)，请填写自我评价依据!');\n        return false;\n    }\n    if(@(string)(S.leixing) == '专项工作' && (@(string)(S.jhwcsj) == '' || @(string)(S.jhwcsj) == undefined)){\n        alert('工作目标类型为专项工作，计划完成时间必填!');\n        return false;\n    }\n}\n::t_zzpg_2::{\n    if(@(number)(S.ziping) == ''){\n        alert('文化价值观的自评必填!');\n        return false;\n    }\n    if(@(number)(S.ziping)>100 || @(number)(S.ziping)<0){\n        alert('文化价值观自评分数为0~100!');\n        return false;\n    }\n    if(@(number)(S.ziping)>=85 && @(string)(S.zwpjyj) == ''){\n        alert('文化价值观自评分数超过85分(包含85分)，请填写自我评价依据!');\n        return false;\n    }\n}\nif(zqz < 100 || zqz>100){\n    alert('考核权重总和必须等于100');\n    return false;\n}\nif(i<3){\n    alert('至少完成三个工作目标');\n    return false;\n}",
      "field": "",
      "call_type": 4
    }, {
      "code": "var zqz = 0;\nvar i = 0;\nvar today = new Date();\nvar now = new Date();\nvar year = now.getFullYear(); \/\/得到年份\nvar month = now.getMonth();\/\/得到月份\nvar date = now.getDate();\/\/得到日期\n    month = month + 1;\nif (month < 10) month = \"0\" + month;\nif (date < 10) date = \"0\" + date;\nvar time = \"\";\ntime = year + \"-\" + month + \"-\" + date;\ntime = parseInt(time.replace(\/-\/g,\"\").replace(\/:\/g,\"\"),10);\nvar dater = new Date(Date.parse((string)(M.ruzhiriqi)));\nvar day = dater.getDate();\nvar monthr = dater.getMonth();\nvar yearr = dater.getFullYear();\nvar yearr1 = yearr + parseInt((monthr + 1) \/ 12);\nmonthr = (monthr + 1) % 12;\n\/\/0-11 转变为 1-12\nmonthr += 1;\n\/\/获取特定年月的最大天数值\nvar maxDayCount = new Date(yearr1,monthr,0).getDate();\nday > maxDayCount ? day = maxDayCount : ''; \nmonthr < 10 ? (monthr = '0' + monthr) : '';\nday < 10 ? (day = '0' + day) : '';\nvar rzhyy = '';\nrzhyy = yearr1 + '-' + monthr + '-' + day;\nrzhyy = parseInt(rzhyy.replace(\/-\/g,\"\").replace(\/:\/g,\"\"),10);\nif (rzhyy>time){\n    alert(\"入职未满一月，不能提交转正评估审批\");\n    return false;\n}\nif((string)(M.ziwopingyu).length<50){\n    setColor('M','ziwopingyu','#F56C6C');\n    alert('自我评语不少于50字!');\n    return false;\n}\n::t_zzpg_1::{\n    zqz += @(number)(S.quanzhong);\n    i++;\n    if(@(number)(S.ziping) == ''){\n        alert('工作目标的自评必填!');\n        return false;\n    }\n    if(@(number)(S.ziping)>100 || @(number)(S.ziping)<0){\n        alert('工作目标自评分数为0~100!');\n        return false;\n    }\n    if(@(number)(S.ziping)>=85 && @(string)(S.zwpjyj) == ''){\n        alert('工作目标自评分数超过85分(包含85分)，请填写自我评价依据!');\n        return false;\n    }\n    if(@(string)(S.leixing) == '专项工作' && @(string)(S.jhwcsj) == undefined){\n        alert('工作目标类型为专项工作，计划完成时间必填!');\n        return false;\n    }\n}\n::t_zzpg_2::{\n    if(@(number)(S.ziping) == ''){\n        alert('文化价值观的自评必填!');\n        return false;\n    }\n    if(@(number)(S.ziping)>100 || @(number)(S.ziping)<0){\n        alert('文化价值观自评分数为0~100!');\n        return false;\n    }\n    if(@(number)(S.ziping)>=85 && @(string)(S.zwpjyj) == ''){\n        alert('文化价值观自评分数超过85分(包含85分)，请填写自我评价依据!');\n        return false;\n    }\n}\nif(zqz < 100 || zqz>100){\n    alert('考核权重总和必须等于100');\n    return false;\n}\nif(i<3){\n    alert('至少完成三个工作目标');\n    return false;\n}",
      "field": "",
      "call_type": 5
    }, {
      "code": "::t_zzpg_1::{\n    if(@(number)(S.sjpf) <= 0){\n        alert('工作目标上级评分必填');\n        return false;\n    }\n    if(@(number)(S.sjpf) <= 69 && @(string)(S.sjpjyj) == ''){\n        alert('工作目标上级评分低于69分，上级评分依据必填');\n        return false;\n    }\n}\n::t_zzpg_2::{\n    if(@(number)(S.sjpf) <= 0){\n        alert('文化价值观上级评分必填');\n        return false;\n    }\n    if(@(number)(S.sjpf) <= 69 && @(string)(S.sjpjyj) == ''){\n        alert('文化价值观上级评分低于69分，上级评分依据必填');\n        return false;\n    }\n}",
      "field": "HRNode000665",
      "call_type": 6
    }, {
      "code": "if((string)(M.kaoheren2)== ''){\n    (string)(M.kaoheren2) = '-';\n}",
      "field": "kaoheren2",
      "call_type": 0
    }, {
      "code": "if((string)(M.kaoheren3) == ''){\n    (string)(M.kaoheren3) = '-';\n}",
      "field": "kaoheren3",
      "call_type": 0
    }],
    "Dynamic_Form": [{
      "field": "spzt",
      "condition": 0,
      "con_val": 4,
      "custom_cond": "",
      "dynamic_fields": [{
        "field": ["zzpg.xml", "zjsjyj"],
        "hidden": "true",
        "required": "false",
        "readonly": "false",
        "message": "必填",
        "hideclear": "false"
      }, {
        "field": ["zzpg.xml", "bmcyj"],
        "hidden": "true",
        "required": "false",
        "readonly": "false",
        "message": "必填",
        "hideclear": "false"
      }, {
        "field": ["zzpg.xml", "zzhgwdw"],
        "hidden": "true",
        "required": "false",
        "readonly": "false",
        "message": "必填",
        "hideclear": "false"
      }, {
        "field": ["zzpg.xml", "wllnmb"],
        "hidden": "true",
        "required": "false",
        "readonly": "false",
        "message": "必填",
        "hideclear": "false"
      }, {
        "field": ["t_zzpg_1", "sjpf"],
        "hidden": "true",
        "required": "false",
        "readonly": "false",
        "message": "必填",
        "hideclear": "false"
      }, {
        "field": ["t_zzpg_1", "sjpjyj"],
        "hidden": "true",
        "required": "false",
        "readonly": "false",
        "message": "必填",
        "hideclear": "false"
      }, {
        "field": ["t_zzpg_2", "sjpf"],
        "hidden": "true",
        "required": "false",
        "readonly": "false",
        "message": "必填",
        "hideclear": "false"
      }, {
        "field": ["t_zzpg_2", "sjpjyj"],
        "hidden": "true",
        "required": "false",
        "readonly": "false",
        "message": "必填",
        "hideclear": "false"
      }, {
        "field": ["zzpg.xml", "khrxm"],
        "hidden": "true",
        "required": "false",
        "readonly": "false",
        "message": "必填",
        "hideclear": "false"
      }, {
        "field": ["zzpg.xml", "bmzbh"],
        "hidden": "true",
        "required": "false",
        "readonly": "false",
        "message": "必填",
        "hideclear": "false"
      }, {
        "field": ["zzpg.xml", "kaoheren2"],
        "hidden": "true",
        "required": "false",
        "readonly": "false",
        "message": "必填",
        "hideclear": "false"
      }, {
        "field": ["zzpg.xml", "khyj2"],
        "hidden": "true",
        "required": "false",
        "readonly": "false",
        "message": "必填",
        "hideclear": "false"
      }, {
        "field": ["zzpg.xml", "kaoheren3"],
        "hidden": "true",
        "required": "false",
        "readonly": "false",
        "message": "必填",
        "hideclear": "false"
      }, {
        "field": ["zzpg.xml", "khyj3"],
        "hidden": "true",
        "required": "false",
        "readonly": "false",
        "message": "必填",
        "hideclear": "false"
      }, {
        "field": ["t_zzpg_1", "khxm"],
        "hidden": "false",
        "required": "true",
        "readonly": "false",
        "message": "必填",
        "hideclear": "false"
      }, {
        "field": ["t_zzpg_1", "jxmbjhlbz"],
        "hidden": "false",
        "required": "true",
        "readonly": "false",
        "message": "必填",
        "hideclear": "false"
      }, {
        "field": ["t_zzpg_1", "quanzhong"],
        "hidden": "false",
        "required": "true",
        "readonly": "false",
        "message": "必填",
        "hideclear": "false"
      }, {
        "field": ["t_zzpg_1", "ziping"],
        "hidden": "false",
        "required": "true",
        "readonly": "false",
        "message": "必填",
        "hideclear": "false"
      }, {
        "field": ["t_zzpg_2", "ziping"],
        "hidden": "false",
        "required": "true",
        "readonly": "false",
        "message": "必填",
        "hideclear": "false"
      }, {
        "field": ["t_zzpg_2", "whjzg"],
        "hidden": "false",
        "required": "true",
        "readonly": "false",
        "message": "必填",
        "hideclear": "false"
      }, {
        "field": ["t_zzpg_2", "whjzgnh"],
        "hidden": "false",
        "required": "true",
        "readonly": "false",
        "message": "必填",
        "hideclear": "false"
      }],
      "Son_Table": []
    }, {
      "field": "cjyhjs",
      "condition": 5,
      "con_val": "系统管理员",
      "custom_cond": "",
      "dynamic_fields": [{
        "field": ["zzpg.xml", "yggh"],
        "hidden": "false",
        "required": "false",
        "readonly": "true",
        "message": "必填",
        "hideclear": "false"
      }],
      "Son_Table": []
    }],
    "DiscussSum": 0
  }
}
