{
  "status": 1,
  "msg": "",
  "payload": {
    "isApprovalFlow": false,
    "addDefaultTrigger": {
      "main": []
    },
    "approvalData": {
      "approvalStatus": -1,
      "approvalerData": [],
      "node_now": "",
      "baseOpenFiled": [],
      "chilerenOpenFiled": []
    },
    "title": "栏目施工项",
    "base": "t_lanmu_sgx",
    "editGroup": [{
      "name": "基本信息",
      "expanded": 1,
      "fieldArray": [{
        "placeholder": "编号",
        "key": "ID",
        "value": 552,
        "selector": "",
        "isHidden": true,
        "readonly": true,
        "disable": false,
        "valids": [],
        "asyncValids": [],
        "displayunit": "",
        "tips": "请输入"
      },  {
        "placeholder": "评估状态",
        "key": "khpgzt",
        "value": "0",
        "selector": "select",
        "type": "text",
        "readonly": true,
        "disable": false,
        "valids": [],
        "asyncValids": [],
        "tips": "请输入",
        "valueArray": [{
          "name": "待审核",
          "value": "0"
        }, {
          "name": "已审核",
          "value": "1"
        }]
      },{
        "placeholder": "多图片",
        "key": "duotupian",
        "value": [{"filePath":"http://e.quanzhuyun.com/uploadfiles/qjjfwpt_dev/data/07d169fd930dc8f08ac714e219fff6ba1bce1233.jpg"}],
        "selector": "multiimage",
        "type": "text",
        "readonly": false,
        "disable": false,
        "valids": ["required"],
        "asyncValids": [],
        "tips": "请输入",
        "valueUrl":  [{"filePath":"http://e.quanzhuyun.com/uploadfiles/qjjfwpt_dev/data/07d169fd930dc8f08ac714e219fff6ba1bce1233.jpg"}]
      },{
        "placeholder": "施工项编号",
        "key": "sgxbh",
        "value": "",
        "selector": "sheetlink",
        "isHidden": false,
        "readonly": false,
        "disable": false,
        "valids": ["required"],
        "asyncValids": [],
        "displayunit": "",
        "tips": "请输入",
        "params": {
          "workFlowId": "qjjfwpt_dev0050",
          "moduleName": "sgxmb"
        }
      }, {
        "placeholder": "所属栏目",
        "key": "fk",
        "value": "0",
        "selector": "sheetlink",
        "isHidden": false,
        "readonly": false,
        "disable": false,
        "valids": [],
        "asyncValids": [],
        "displayunit": "",
        "tips": "请输入",
        "params": {
          "workFlowId": "qjjfwpt_dev0115",
          "moduleName": "lanmu"
        }
      }, {
        "placeholder": "施工项名称",
        "key": "sgxmc",
        "value": "",
        "selector": "input",
        "isHidden": false,
        "readonly": true,
        "disable": false,
        "valids": [],
        "asyncValids": [],
        "displayunit": "",
        "tips": "请输入"
      }, {
        "placeholder": "辅材合计",
        "key": "fchj",
        "value": "",
        "selector": "input",
        "isHidden": false,
        "readonly": true,
        "disable": true,
        "valids": [],
        "asyncValids": [],
        "displayunit": "",
        "tips": "请输入"
      }, {
        "placeholder": "人工合计",
        "key": "rghj",
        "value": "",
        "selector": "input",
        "isHidden": false,
        "readonly": true,
        "disable": true,
        "valids": [],
        "asyncValids": [],
        "displayunit": "",
        "tips": "请输入"
      }, {
        "placeholder": "默认施工项",
        "key": "mrsgx",
        "value": "0",
        "selector": "select",
        "isHidden": false,
        "readonly": false,
        "disable": false,
        "valids": [],
        "asyncValids": [],
        "displayunit": "",
        "tips": "请输入",
        "valueArray": [{
          "name": "否",
          "value": "0"
        }, {
          "name": "是",
          "value": "1"
        }]
      }, {
        "placeholder": "暂存状态",
        "key": "tempsave",
        "value": "",
        "selector": "input",
        "isHidden": true,
        "readonly": true,
        "disable": false,
        "valids": [],
        "asyncValids": [],
        "displayunit": "",
        "tips": "请输入"
      }, {
        "placeholder": "序号",
        "key": "serial",
        "value": "",
        "selector": "",
        "isHidden": true,
        "readonly": false,
        "disable": false,
        "valids": [],
        "asyncValids": [],
        "displayunit": "",
        "tips": "请输入"
      }],
      "hidden": false
    }],
    "chilerenData": []
  }
}
