{
  "status": 1,
  "msg": "",
  "payload": {
    "isApprovalFlow": true,
    "approvalData": {
      "approvalStatus": 0,
      "approvalerData": [{
        "value": "01489",
        "label": "01489",
        "name": "王贞莹"
      }],
      "baseOpenFiled": [],
      "chilerenOpenFiled": []
    },
    "Calculation": [{
      "code": "if((string)(M.lianxiren) == ''){\n    var createuser  = (string)(M.createuser);\n    showRelevant('lianxiren',createuser,'v_ygyhxx.ID');\n}",
      "field": "",
      "call_type": 3
    }, {
      "code": "if((number)(M.htnx) == 1){\n    M.shiyongqi = 2;\n}else if((number)(M.htnx) == 3){\n    M.shiyongqi = 6;\n}",
      "field": "htnx",
      "call_type": 0
    }, {
      "code": "if((string)(M.xingbie)==''){\n    alert('请保存，然后点击发送邮件按钮，将offer发送至员工邮箱');\n    return false;\n}",
      "field": "",
      "call_type": 5
    }, {
      "code": "var pattern = \/^([A-Za-z0-9_\\-\\.])+\\@([A-Za-z0-9_\\-\\.])+\\.([A-Za-z]{2,4})$\/;\nvar b = pattern.test((string)(M.dzyx));\nvar reg = \/(^\\d{15}$)|(^\\d{18}$)|(^\\d{17}(\\d|X|x)$)\/;  \nif(!(\/^1(3|4|5|6|7|8|9)\\d{9}$\/.test((string)(M.lxdh)))){ \n        setColor('M','lxdh','#F56C6C');\n        alert(\"手机号码格式不正确，请重新输入\");  \n        return false; \n } else{\n         clearColor('M','lxdh');\n}\nif(b==false){\n    setColor('M','dzyx','#F56C6C');\n    alert(\"邮箱格式不正确，请重新输入\");  \n    return false; \n}else{\n         clearColor('M','dzyx');\n}\nif((string)(M.sfzh) != '' && reg.test((string)(M.sfzh)) == false){  \n     setColor('M','sfzh','#F56C6C');\n     alert(\"身份证格式不正确，请重新输入\");  \n     return  false;  \n}else{\n         clearColor('M','sfzh');\n}",
      "field": "",
      "call_type": 4
    }, {
      "code": "if((string)(M.lxdh).length>11){\n    setColor('M','lxdh','#F56C6C');\n}else{\n    setColor('M','lxdh','#FFFFFF');\n}",
      "field": "lxdh",
      "call_type": 0
    }],
    "Dynamic_Form": [{
      "field": "yxjncsgjjzh",
      "condition": 0,
      "con_val": "已有",
      "custom_cond": "",
      "dynamic_fields": [{
        "field": ["yuangongdangan.xml", "gjjzh"],
        "hidden": "false",
        "required": "false",
        "readonly": "false",
        "message": "必填"
      }],
      "Son_Table": []
    }],
    "title": "待入职档案",
    "base": "t_yuangongxinxi",
    "editGroup": [{
      "name": "基本信息",
      "expanded": 1,
      "fieldArray": [{
        "placeholder": "编号",
        "key": "ID",
        "value": "HRDA202012-00004",
        "selector": "input",
        "isHidden": true,
        "readonly": true,
        "disable": false,
        "valids": [],
        "asyncValids": ["only"],
        "tips": "请输入"
      }, {
        "placeholder": "姓名",
        "key": "ygxm",
        "value": "吧吧v",
        "selector": "input",
        "isHidden": false,
        "readonly": false,
        "disable": false,
        "valids": ["required"],
        "asyncValids": [],
        "tips": "请输入"
      }, {
        "placeholder": "是否发送",
        "key": "sffs",
        "value": "是",
        "selector": "select",
        "isHidden": false,
        "readonly": true,
        "disable": false,
        "valids": [],
        "asyncValids": [],
        "tips": "请输入",
        "valueArray": [{
          "name": "是",
          "value": "是"
        }, {
          "name": "否",
          "value": "否"
        }]
      }, {
        "placeholder": "是否接受offer",
        "key": "sfty",
        "value": "",
        "selector": "select",
        "isHidden": false,
        "readonly": true,
        "disable": false,
        "valids": [],
        "asyncValids": [],
        "tips": "请输入",
        "valueArray": [{
          "name": "是",
          "value": "是"
        }, {
          "name": "否",
          "value": "否"
        }]
      }, {
        "placeholder": "是否报到",
        "key": "sfbd",
        "value": "",
        "selector": "select",
        "isHidden": false,
        "readonly": true,
        "disable": false,
        "valids": [],
        "asyncValids": [],
        "tips": "请输入",
        "valueArray": [{
          "name": "是",
          "value": "是"
        }, {
          "name": "否",
          "value": "否"
        }]
      }, {
        "placeholder": "录用申请",
        "key": "lybh",
        "value": "HRSQ202011-000059",
        "selector": "sheetlink",
        "isHidden": false,
        "readonly": false,
        "disable": false,
        "valids": ["required"],
        "asyncValids": [],
        "tips": "请输入",
        "params": {
          "workFlowId": "qjjfwpt_dev0803",
          "moduleName": "luyongshenqing"
        }
      }, {
        "placeholder": "所属公司",
        "key": "ssgs",
        "value": "Z027",
        "selector": "sheetlink",
        "isHidden": false,
        "readonly": false,
        "disable": false,
        "valids": ["required"],
        "asyncValids": [],
        "tips": "请输入",
        "displayValue": "全筑筑仁",
        "params": {
          "workFlowId": "qjjfwpt_dev0823",
          "moduleName": "fabaodanwei"
        }
      }, {
        "placeholder": "考勤性质",
        "key": "kqxz",
        "value": "A0001",
        "selector": "select",
        "isHidden": false,
        "readonly": false,
        "disable": false,
        "valids": ["required"],
        "asyncValids": [],
        "tips": "请输入",
        "valueArray": [{
          "name": "标准",
          "value": "A0001"
        }, {
          "name": "驻外",
          "value": "A0005"
        }, {
          "name": "不考勤",
          "value": "A0006"
        }]
      }, {
        "placeholder": "上级领导",
        "key": "sjld",
        "value": "00854",
        "selector": "sheetlink",
        "isHidden": false,
        "readonly": false,
        "disable": false,
        "valids": ["required"],
        "asyncValids": [],
        "tips": "请输入",
        "displayValue": "徐宝瑢",
        "params": {
          "workFlowId": "qjjfwpt_dev0832",
          "moduleName": "ygyhxx"
        }
      }, {
        "placeholder": "上级领导名称",
        "key": "sjldmc",
        "value": "",
        "selector": "",
        "isHidden": true,
        "readonly": true,
        "disable": true,
        "valids": [],
        "asyncValids": [],
        "tips": "请输入"
      }, {
        "placeholder": "考勤上级",
        "key": "kqsj",
        "value": "",
        "selector": "sheetlink",
        "isHidden": true,
        "readonly": false,
        "disable": false,
        "valids": [],
        "asyncValids": [],
        "tips": "请输入",
        "params": {
          "workFlowId": "qjjfwpt_dev0898",
          "moduleName": "ygyhxx"
        }
      }, {
        "placeholder": "本公司入职时间",
        "key": "ruzhiriqi",
        "value": "2020-11-27",
        "selector": "date",
        "isHidden": false,
        "readonly": false,
        "disable": false,
        "valids": ["required"],
        "asyncValids": [],
        "tips": "请输入"
      }, {
        "placeholder": "办理入职时间",
        "key": "blrzsj",
        "value": "2020-12-03",
        "selector": "date",
        "isHidden": false,
        "readonly": false,
        "disable": false,
        "valids": ["required"],
        "asyncValids": [],
        "tips": "请输入"
      }, {
        "placeholder": "合同年限",
        "key": "htnx",
        "value": "1",
        "selector": "int",
        "isHidden": false,
        "readonly": false,
        "disable": false,
        "valids": ["required"],
        "asyncValids": [],
        "tips": "请输入",
        "valueArray": [{
          "name": "1",
          "value": "1"
        }, {
          "name": "3",
          "value": "3"
        }]
      }, {
        "placeholder": "试用期",
        "key": "shiyongqi",
        "value": "2",
        "selector": "int",
        "isHidden": false,
        "readonly": true,
        "disable": false,
        "valids": [],
        "asyncValids": [],
        "tips": "请输入"
      }, {
        "placeholder": "假期表",
        "key": "jqb",
        "value": "13",
        "selector": "select",
        "isHidden": false,
        "readonly": false,
        "disable": false,
        "valids": ["required"],
        "asyncValids": [],
        "tips": "请输入",
        "valueArray": [{
          "name": "做五休二(周末休)",
          "value": "10"
        }, {
          "name": "做六休一(周日休)",
          "value": "11"
        }, {
          "name": "做六休一(周一休)",
          "value": "12"
        }, {
          "name": "做六休一(周二休)",
          "value": "13"
        }, {
          "name": "做五休二(周二周三休)",
          "value": "14"
        }, {
          "name": "做五休二(周日周一休)",
          "value": "15"
        }, {
          "name": "做五休二(周二周五休)",
          "value": "16"
        }]
      }, {
        "placeholder": "是否关岗",
        "key": "sfgg",
        "value": "A002",
        "selector": "select",
        "isHidden": false,
        "readonly": false,
        "disable": false,
        "valids": [],
        "asyncValids": [],
        "tips": "请输入",
        "valueArray": [{
          "name": "集团关岗",
          "value": "A002"
        }, {
          "name": "各单位关岗",
          "value": "A003"
        }, {
          "name": "-",
          "value": "A001"
        }]
      }, {
        "placeholder": "是否灵活用工",
        "key": "sflhyg",
        "value": "A001",
        "selector": "select",
        "isHidden": false,
        "readonly": false,
        "disable": false,
        "valids": [],
        "asyncValids": [],
        "tips": "请输入",
        "valueArray": [{
          "name": "是",
          "value": "A001"
        }, {
          "name": "否",
          "value": "A002"
        }]
      }, {
        "placeholder": "发送邮箱",
        "key": "fsryx",
        "value": "社招邮箱",
        "selector": "select",
        "isHidden": false,
        "readonly": false,
        "disable": false,
        "valids": [],
        "asyncValids": [],
        "tips": "请输入",
        "valueArray": [{
          "name": "社招邮箱",
          "value": "社招邮箱"
        }, {
          "name": "校招邮箱",
          "value": "校招邮箱"
        }]
      }, {
        "placeholder": "HR联系人",
        "key": "lianxiren",
        "value": "01489",
        "selector": "sheetlink",
        "isHidden": false,
        "readonly": false,
        "disable": false,
        "valids": [],
        "asyncValids": [],
        "tips": "请输入",
        "displayValue": "王贞莹",
        "params": {
          "workFlowId": "qjjfwpt_dev0902",
          "moduleName": "ygyhxx"
        }
      }, {
        "placeholder": "HR联系方式",
        "key": "lxfs",
        "value": "",
        "selector": "input",
        "isHidden": false,
        "readonly": true,
        "disable": false,
        "valids": [],
        "asyncValids": [],
        "tips": "请输入"
      }, {
        "placeholder": "入职员工手机",
        "key": "lxdh",
        "value": "13564771423",
        "selector": "input",
        "isHidden": false,
        "readonly": false,
        "disable": false,
        "valids": ["required"],
        "asyncValids": [],
        "tips": "请输入"
      }, {
        "placeholder": "入职员工邮箱",
        "key": "dzyx",
        "value": "534293431@qq.com",
        "selector": "input",
        "isHidden": false,
        "readonly": false,
        "disable": false,
        "valids": ["required"],
        "asyncValids": [],
        "tips": "请输入"
      }],
      "hidden": false
    }, {
      "name": "个人资料",
      "expanded": 1,
      "fieldArray": [{
        "placeholder": "员工工号",
        "key": "yggh",
        "value": "",
        "selector": "input",
        "isHidden": false,
        "readonly": true,
        "disable": false,
        "valids": [],
        "asyncValids": [],
        "tips": "请输入"
      }, {
        "placeholder": "性别",
        "key": "xingbie",
        "value": "",
        "selector": "select",
        "isHidden": false,
        "readonly": false,
        "disable": false,
        "valids": [],
        "asyncValids": [],
        "tips": "请输入",
        "valueArray": [{
          "name": "男",
          "value": "M"
        }, {
          "name": "女",
          "value": "F"
        }]
      }, {
        "placeholder": "出生日期",
        "key": "csrq",
        "value": "",
        "selector": "date",
        "isHidden": false,
        "readonly": false,
        "disable": false,
        "valids": [],
        "asyncValids": [],
        "tips": "请输入"
      }, {
        "placeholder": "照片(请上传一寸照)",
        "key": "ygzp",
        "value": "",
        "selector": "",
        "isHidden": false,
        "readonly": false,
        "disable": false,
        "valids": [],
        "asyncValids": [],
        "tips": "请输入"
      }, {
        "placeholder": "国籍",
        "key": "guoji",
        "value": "A0001",
        "selector": "select",
        "isHidden": false,
        "readonly": false,
        "disable": false,
        "valids": [],
        "asyncValids": [],
        "tips": "请输入",
        "valueArray": [{
          "name": "中国",
          "value": "A0001"
        }, {
          "name": "港澳台",
          "value": "A0002"
        }, {
          "name": "外籍",
          "value": "A0003"
        }]
      }, {
        "placeholder": "民族",
        "key": "minzu",
        "value": "",
        "selector": "sheetlink",
        "isHidden": false,
        "readonly": false,
        "disable": false,
        "valids": [],
        "asyncValids": [],
        "tips": "请输入",
        "params": {
          "workFlowId": "qjjfwpt_dev0831",
          "moduleName": "minzucanshu"
        }
      }, {
        "placeholder": "籍贯",
        "key": "jiguan",
        "value": "",
        "selector": "sheetlink",
        "isHidden": false,
        "readonly": false,
        "disable": false,
        "valids": [],
        "asyncValids": [],
        "tips": "请输入",
        "params": {
          "workFlowId": "qjjfwpt_dev0830",
          "moduleName": "shengfen"
        }
      }, {
        "placeholder": "婚姻",
        "key": "hunyin",
        "value": "",
        "selector": "select",
        "isHidden": false,
        "readonly": false,
        "disable": false,
        "valids": [],
        "asyncValids": [],
        "tips": "请输入",
        "valueArray": [{
          "name": "已婚",
          "value": "已婚"
        }, {
          "name": "未婚",
          "value": "未婚"
        }, {
          "name": "离异",
          "value": "离异"
        }]
      }, {
        "placeholder": "政治面貌",
        "key": "zzmm",
        "value": "",
        "selector": "select",
        "isHidden": false,
        "readonly": false,
        "disable": false,
        "valids": [],
        "asyncValids": [],
        "tips": "请输入",
        "valueArray": [{
          "name": "群众",
          "value": "群众"
        }, {
          "name": "党员",
          "value": "党员"
        }, {
          "name": "团员",
          "value": "团员"
        }, {
          "name": "其他",
          "value": "其他"
        }]
      }, {
        "placeholder": "其他政治面貌",
        "key": "qtzzmm",
        "value": "",
        "selector": "",
        "isHidden": true,
        "readonly": true,
        "disable": false,
        "valids": [],
        "asyncValids": [],
        "tips": "请输入"
      }, {
        "placeholder": "户口性质",
        "key": "hkxz",
        "value": "",
        "selector": "select",
        "isHidden": false,
        "readonly": false,
        "disable": false,
        "valids": [],
        "asyncValids": [],
        "tips": "请输入",
        "valueArray": [{
          "name": "城镇",
          "value": "城镇"
        }, {
          "name": "农业",
          "value": "农业"
        }]
      }, {
        "placeholder": "初次工作时间",
        "key": "ccgzsj",
        "value": "",
        "selector": "date",
        "isHidden": false,
        "readonly": false,
        "disable": false,
        "valids": [],
        "asyncValids": [],
        "tips": "请输入"
      }, {
        "placeholder": "身份证号",
        "key": "sfzh",
        "value": "",
        "selector": "input",
        "isHidden": false,
        "readonly": false,
        "disable": false,
        "valids": [],
        "asyncValids": [],
        "tips": "请输入"
      }, {
        "placeholder": "户口所在警署(身份证反面)",
        "key": "hkszjs",
        "value": "",
        "selector": "input",
        "isHidden": false,
        "readonly": false,
        "disable": false,
        "valids": [],
        "asyncValids": [],
        "tips": "请输入"
      }, {
        "placeholder": "原户籍地址",
        "key": "yhjdz",
        "value": "",
        "selector": "input",
        "isHidden": false,
        "readonly": false,
        "disable": false,
        "valids": [],
        "asyncValids": [],
        "tips": "请输入"
      }, {
        "placeholder": "身份证正面",
        "key": "sfzzm",
        "value": "",
        "selector": "",
        "isHidden": false,
        "readonly": false,
        "disable": false,
        "valids": [],
        "asyncValids": [],
        "tips": "请输入"
      }, {
        "placeholder": "身份证反面",
        "key": "sfzfm",
        "value": "",
        "selector": "",
        "isHidden": false,
        "readonly": false,
        "disable": false,
        "valids": [],
        "asyncValids": [],
        "tips": "请输入"
      }, {
        "placeholder": "现居住地址",
        "key": "xjzdz",
        "value": "",
        "selector": "input",
        "isHidden": false,
        "readonly": false,
        "disable": false,
        "valids": [],
        "asyncValids": [],
        "tips": "请输入"
      }, {
        "placeholder": "居住住宅",
        "key": "jzzz",
        "value": "",
        "selector": "select",
        "isHidden": false,
        "readonly": false,
        "disable": false,
        "valids": [],
        "asyncValids": [],
        "tips": "请输入",
        "valueArray": [{
          "name": "自购产权房",
          "value": "A0001"
        }, {
          "name": "临时租用房",
          "value": "A0002"
        }, {
          "name": "其它",
          "value": "A0004"
        }]
      }, {
        "placeholder": "健康状况",
        "key": "jkzk",
        "value": "",
        "selector": "select",
        "isHidden": false,
        "readonly": false,
        "disable": false,
        "valids": [],
        "asyncValids": [],
        "tips": "请输入",
        "valueArray": [{
          "name": "健康",
          "value": "健康"
        }, {
          "name": "其他",
          "value": "其他"
        }]
      }, {
        "placeholder": "简述过往病史",
        "key": "jsgwbs",
        "value": "",
        "selector": "textarea",
        "isHidden": false,
        "readonly": false,
        "disable": false,
        "valids": [],
        "asyncValids": [],
        "tips": "请输入"
      }],
      "hidden": false
    }, {
      "name": "联系方式",
      "expanded": 1,
      "fieldArray": [{
        "placeholder": "家庭电话",
        "key": "jtdh",
        "value": "",
        "selector": "input",
        "isHidden": false,
        "readonly": false,
        "disable": false,
        "valids": [],
        "asyncValids": [],
        "tips": "请输入"
      }, {
        "placeholder": "紧急联系人",
        "key": "jjlxr",
        "value": "",
        "selector": "input",
        "isHidden": false,
        "readonly": false,
        "disable": false,
        "valids": [],
        "asyncValids": [],
        "tips": "请输入"
      }, {
        "placeholder": "紧急联系人电话",
        "key": "jjlxrdh",
        "value": "",
        "selector": "input",
        "isHidden": false,
        "readonly": false,
        "disable": false,
        "valids": [],
        "asyncValids": [],
        "tips": "请输入"
      }],
      "hidden": false
    }, {
      "name": "保险信息",
      "expanded": 1,
      "fieldArray": [{
        "placeholder": "意向缴纳社保城市",
        "key": "yxjnsbcs",
        "value": "上海",
        "selector": "select",
        "isHidden": false,
        "readonly": false,
        "disable": false,
        "valids": [],
        "asyncValids": [],
        "tips": "请输入"
      }, {
        "placeholder": "意向缴纳城市公积金账号",
        "key": "yxjncsgjjzh",
        "value": "",
        "selector": "select",
        "isHidden": false,
        "readonly": false,
        "disable": false,
        "valids": [],
        "asyncValids": [],
        "tips": "请输入",
        "valueArray": [{
          "name": "已有",
          "value": "已有"
        }, {
          "name": "无，需重新开户",
          "value": "无，需重新开户"
        }]
      }, {
        "placeholder": "公积金账号",
        "key": "gjjzh",
        "value": "",
        "selector": "input",
        "isHidden": false,
        "readonly": true,
        "disable": false,
        "valids": [],
        "asyncValids": [],
        "tips": "请输入"
      }],
      "hidden": false
    }, {
      "name": "银行信息",
      "expanded": 1,
      "fieldArray": [{
        "placeholder": "主卡银行",
        "key": "yinhang1",
        "value": "",
        "selector": "input",
        "isHidden": false,
        "readonly": false,
        "disable": false,
        "valids": [],
        "asyncValids": [],
        "tips": "请输入"
      }, {
        "placeholder": "主卡银行信息",
        "key": "khdz1",
        "value": "",
        "selector": "input",
        "isHidden": false,
        "readonly": false,
        "disable": false,
        "valids": [],
        "asyncValids": [],
        "tips": "请输入"
      }, {
        "placeholder": "主卡卡号",
        "key": "kahao1",
        "value": "",
        "selector": "input",
        "isHidden": false,
        "readonly": false,
        "disable": false,
        "valids": [],
        "asyncValids": [],
        "tips": "请输入"
      }, {
        "placeholder": "副卡银行",
        "key": "yinhang2",
        "value": "",
        "selector": "input",
        "isHidden": false,
        "readonly": false,
        "disable": false,
        "valids": [],
        "asyncValids": [],
        "tips": "请输入"
      }, {
        "placeholder": "副卡银行信息",
        "key": "khdz2",
        "value": "",
        "selector": "input",
        "isHidden": false,
        "readonly": false,
        "disable": false,
        "valids": [],
        "asyncValids": [],
        "tips": "请输入"
      }, {
        "placeholder": "副卡卡号",
        "key": "kahao2",
        "value": "",
        "selector": "input",
        "isHidden": false,
        "readonly": false,
        "disable": false,
        "valids": [],
        "asyncValids": [],
        "tips": "请输入"
      }, {
        "placeholder": "岗位",
        "key": "gangwei",
        "value": "测试",
        "selector": "input",
        "isHidden": true,
        "readonly": false,
        "disable": false,
        "valids": [],
        "asyncValids": [],
        "tips": "请输入"
      }, {
        "placeholder": "党员关系",
        "key": "dygx",
        "value": "",
        "selector": "input",
        "isHidden": true,
        "readonly": true,
        "disable": false,
        "valids": [],
        "asyncValids": [],
        "tips": "请输入"
      }, {
        "placeholder": "党员关系是否在全筑",
        "key": "dygxsfzqz",
        "value": "",
        "selector": "select",
        "isHidden": true,
        "readonly": false,
        "disable": false,
        "valids": [],
        "asyncValids": [],
        "tips": "请输入",
        "valueArray": [{
          "name": "是",
          "value": "是"
        }, {
          "name": "否",
          "value": "否"
        }]
      }, {
        "placeholder": "缴纳地址",
        "key": "jiaonadizhi",
        "value": "",
        "selector": "input",
        "isHidden": true,
        "readonly": true,
        "disable": false,
        "valids": [],
        "asyncValids": [],
        "tips": "请输入"
      }, {
        "placeholder": "一级部门ID",
        "key": "yjbmid",
        "value": "A250",
        "selector": "input",
        "isHidden": true,
        "readonly": false,
        "disable": false,
        "valids": [],
        "asyncValids": [],
        "tips": "请输入"
      }, {
        "placeholder": "一级部门名称",
        "key": "yjbmmc",
        "value": "全筑设计集团",
        "selector": "input",
        "isHidden": true,
        "readonly": true,
        "disable": false,
        "valids": [],
        "asyncValids": [],
        "tips": "请输入"
      }, {
        "placeholder": "二级部门ID",
        "key": "ejbmid",
        "value": "A250B05700",
        "selector": "input",
        "isHidden": true,
        "readonly": false,
        "disable": false,
        "valids": [],
        "asyncValids": [],
        "tips": "请输入"
      }, {
        "placeholder": "二级部门名称",
        "key": "ejbmmc",
        "value": "全筑设计公司",
        "selector": "input",
        "isHidden": true,
        "readonly": true,
        "disable": false,
        "valids": [],
        "asyncValids": [],
        "tips": "请输入"
      }, {
        "placeholder": "三级部门ID",
        "key": "sjbmid",
        "value": "A250B05700C13400",
        "selector": "input",
        "isHidden": true,
        "readonly": false,
        "disable": false,
        "valids": [],
        "asyncValids": [],
        "tips": "请输入"
      }, {
        "placeholder": "三级部门名称",
        "key": "sjbmmc",
        "value": "第八设计所",
        "selector": "input",
        "isHidden": true,
        "readonly": true,
        "disable": false,
        "valids": [],
        "asyncValids": [],
        "tips": "请输入"
      }, {
        "placeholder": "四級部门ID",
        "key": "sijibmid",
        "value": "",
        "selector": "",
        "isHidden": true,
        "readonly": false,
        "disable": false,
        "valids": [],
        "asyncValids": [],
        "tips": "请输入"
      }, {
        "placeholder": "四级部门名称",
        "key": "sijibmmc",
        "value": "",
        "selector": "",
        "isHidden": true,
        "readonly": true,
        "disable": false,
        "valids": [],
        "asyncValids": [],
        "tips": "请输入"
      }, {
        "placeholder": "五级部门ID",
        "key": "wjbmid",
        "value": "",
        "selector": "",
        "isHidden": true,
        "readonly": false,
        "disable": false,
        "valids": [],
        "asyncValids": [],
        "tips": "请输入"
      }, {
        "placeholder": "五级部门名称",
        "key": "wjbmmc",
        "value": "",
        "selector": "",
        "isHidden": true,
        "readonly": true,
        "disable": false,
        "valids": [],
        "asyncValids": [],
        "tips": "请输入"
      }, {
        "placeholder": "所在部门",
        "key": "suozaibumen",
        "value": "A250,A250B05700,A250B05700C13400",
        "selector": "input",
        "isHidden": true,
        "readonly": true,
        "disable": false,
        "valids": [],
        "asyncValids": [],
        "tips": "请输入"
      }, {
        "placeholder": "部门",
        "key": "suozaibumen_name",
        "value": "全筑设计集团\/全筑设计公司\/第八设计所",
        "selector": "",
        "isHidden": true,
        "readonly": true,
        "disable": false,
        "valids": [],
        "asyncValids": [],
        "tips": "请输入"
      }, {
        "placeholder": "管理分级",
        "key": "guanlifenji",
        "value": "",
        "selector": "",
        "isHidden": true,
        "readonly": false,
        "disable": false,
        "valids": [],
        "asyncValids": [],
        "tips": "请输入",
        "valueArray": [{
          "name": "A01",
          "value": "A01"
        }, {
          "name": "A02",
          "value": "A02"
        }, {
          "name": "A03",
          "value": "A03"
        }, {
          "name": "B01",
          "value": "B01"
        }, {
          "name": "B02",
          "value": "B02"
        }, {
          "name": "B03",
          "value": "B03"
        }, {
          "name": "C01",
          "value": "C01"
        }, {
          "name": "C02",
          "value": "C02"
        }, {
          "name": "C03",
          "value": "C03"
        }]
      }, {
        "placeholder": "职级",
        "key": "zhiji",
        "value": "S11",
        "selector": "input",
        "isHidden": true,
        "readonly": false,
        "disable": false,
        "valids": [],
        "asyncValids": [],
        "tips": "请输入",
        "valueArray": [{
          "name": "M0",
          "value": "M0"
        }, {
          "name": "M1",
          "value": "M1"
        }, {
          "name": "M2",
          "value": "M2"
        }, {
          "name": "M3",
          "value": "M3"
        }, {
          "name": "M4",
          "value": "M4"
        }, {
          "name": "M5",
          "value": "M5"
        }, {
          "name": "M6",
          "value": "M6"
        }, {
          "name": "M7",
          "value": "M7"
        }, {
          "name": "M8",
          "value": "M8"
        }, {
          "name": "P3",
          "value": "P3"
        }, {
          "name": "P4",
          "value": "P4"
        }, {
          "name": "P5",
          "value": "P5"
        }, {
          "name": "P6",
          "value": "P6"
        }, {
          "name": "P7",
          "value": "P7"
        }, {
          "name": "P8",
          "value": "P8"
        }, {
          "name": "P9",
          "value": "P9"
        }, {
          "name": "P10",
          "value": "P10"
        }, {
          "name": "S11",
          "value": "S11"
        }, {
          "name": "S12",
          "value": "S12"
        }, {
          "name": "S13",
          "value": "S13"
        }, {
          "name": "S14",
          "value": "S14"
        }, {
          "name": "S15",
          "value": "S15"
        }, {
          "name": "W",
          "value": "W"
        }]
      }, {
        "placeholder": "职级1",
        "key": "zhiji1",
        "value": "0.0",
        "selector": "",
        "isHidden": true,
        "readonly": false,
        "disable": false,
        "valids": [],
        "asyncValids": [],
        "tips": "请输入"
      }, {
        "placeholder": "星级",
        "key": "xingji",
        "value": "",
        "selector": "",
        "isHidden": true,
        "readonly": true,
        "disable": false,
        "valids": [],
        "asyncValids": [],
        "tips": "请输入",
        "valueArray": [{
          "name": "1星",
          "value": "1星"
        }, {
          "name": "2星",
          "value": "2星"
        }, {
          "name": "3星",
          "value": "3星"
        }, {
          "name": "4星",
          "value": "4星"
        }, {
          "name": "5星",
          "value": "5星"
        }, {
          "name": "6星",
          "value": "6星"
        }, {
          "name": "-",
          "value": "-"
        }]
      }, {
        "placeholder": "工龄",
        "key": "gongling",
        "value": "0",
        "selector": "int",
        "isHidden": true,
        "readonly": false,
        "disable": false,
        "valids": [],
        "asyncValids": [],
        "tips": "请输入"
      }, {
        "placeholder": "岗位职责",
        "key": "gwzz",
        "value": "",
        "selector": "input",
        "isHidden": true,
        "readonly": false,
        "disable": false,
        "valids": [],
        "asyncValids": [],
        "tips": "请输入"
      }, {
        "placeholder": "户口",
        "key": "hukou",
        "value": "",
        "selector": "input",
        "isHidden": true,
        "readonly": false,
        "disable": false,
        "valids": [],
        "asyncValids": [],
        "tips": "请输入"
      }, {
        "placeholder": "季度绩效",
        "key": "jidujixiao",
        "value": "",
        "selector": "select",
        "isHidden": true,
        "readonly": false,
        "disable": false,
        "valids": [],
        "asyncValids": [],
        "tips": "请输入",
        "valueArray": [{
          "name": "A",
          "value": "A"
        }, {
          "name": "B+",
          "value": "B+"
        }, {
          "name": "B",
          "value": "B"
        }, {
          "name": "B-",
          "value": "B-"
        }, {
          "name": "C",
          "value": "C"
        }, {
          "name": "D",
          "value": "D"
        }]
      }, {
        "placeholder": "经营指标",
        "key": "jyzb",
        "value": "0",
        "selector": "int",
        "isHidden": true,
        "readonly": false,
        "disable": false,
        "valids": [],
        "asyncValids": [],
        "tips": "请输入"
      }, {
        "placeholder": "年龄",
        "key": "nianling",
        "value": "",
        "selector": "input",
        "isHidden": true,
        "readonly": false,
        "disable": false,
        "valids": [],
        "asyncValids": [],
        "tips": "请输入"
      }, {
        "placeholder": "是否离职",
        "key": "shifoulizhi",
        "value": "N",
        "selector": "input",
        "isHidden": true,
        "readonly": false,
        "disable": false,
        "valids": [],
        "asyncValids": [],
        "tips": "请输入",
        "valueArray": [{
          "name": "在职",
          "value": "N"
        }, {
          "name": "离职",
          "value": "T"
        }]
      }, {
        "placeholder": "司龄",
        "key": "siling",
        "value": "0",
        "selector": "int",
        "isHidden": true,
        "readonly": false,
        "disable": false,
        "valids": [],
        "asyncValids": [],
        "tips": "请输入"
      }, {
        "placeholder": "薪资",
        "key": "xinzi",
        "value": "0",
        "selector": "int",
        "isHidden": true,
        "readonly": false,
        "disable": false,
        "valids": [],
        "asyncValids": [],
        "tips": "请输入"
      }, {
        "placeholder": "最高学历",
        "key": "zuigaoxueli",
        "value": "",
        "selector": "input",
        "isHidden": true,
        "readonly": false,
        "disable": false,
        "valids": [],
        "asyncValids": [],
        "tips": "请输入"
      }, {
        "placeholder": "转正状态",
        "key": "zzzt",
        "value": "0",
        "selector": "input",
        "isHidden": true,
        "readonly": false,
        "disable": false,
        "valids": [],
        "asyncValids": [],
        "tips": "请输入",
        "valueArray": [{
          "name": "转正",
          "value": "1"
        }, {
          "name": "未转正",
          "value": "0"
        }, {
          "name": "新员工考核",
          "value": "2"
        }, {
          "name": "转正未考核",
          "value": "3"
        }]
      }, {
        "placeholder": "转正日期",
        "key": "zzrq",
        "value": "2021-01-27",
        "selector": "",
        "isHidden": true,
        "readonly": true,
        "disable": false,
        "valids": [],
        "asyncValids": [],
        "tips": "请输入"
      }, {
        "placeholder": "备注",
        "key": "beizhu",
        "value": "",
        "selector": "input",
        "isHidden": true,
        "readonly": false,
        "disable": false,
        "valids": [],
        "asyncValids": [],
        "tips": "请输入"
      }, {
        "placeholder": "是否兼职",
        "key": "is_parttime",
        "value": "0",
        "selector": "int",
        "isHidden": true,
        "readonly": true,
        "disable": false,
        "valids": [],
        "asyncValids": [],
        "tips": "请输入",
        "valueArray": [{
          "name": "是",
          "value": "1"
        }, {
          "name": "否",
          "value": "0"
        }]
      }, {
        "placeholder": "加密薪资",
        "key": "jiamixinzi",
        "value": "",
        "selector": "",
        "isHidden": true,
        "readonly": false,
        "disable": false,
        "valids": [],
        "asyncValids": [],
        "tips": "请输入"
      }, {
        "placeholder": "部门长",
        "key": "bmzbh",
        "value": "07373",
        "selector": "",
        "isHidden": true,
        "readonly": false,
        "disable": false,
        "valids": [],
        "asyncValids": [],
        "tips": "请输入"
      }, {
        "placeholder": "部门长名称",
        "key": "bumenzhang",
        "value": "胡涛涛",
        "selector": "",
        "isHidden": true,
        "readonly": false,
        "disable": false,
        "valids": [],
        "asyncValids": [],
        "tips": "请输入"
      }, {
        "placeholder": "分管副总",
        "key": "fgfzbh",
        "value": "00003",
        "selector": "",
        "isHidden": true,
        "readonly": false,
        "disable": false,
        "valids": [],
        "asyncValids": [],
        "tips": "请输入"
      }, {
        "placeholder": "分管副总名称",
        "key": "fgfz",
        "value": "蒋惠霆",
        "selector": "",
        "isHidden": true,
        "readonly": false,
        "disable": false,
        "valids": [],
        "asyncValids": [],
        "tips": "请输入"
      }, {
        "placeholder": "离职前置审批人编号",
        "key": "lzqzsprbh",
        "value": "",
        "selector": "",
        "isHidden": true,
        "readonly": false,
        "disable": false,
        "valids": [],
        "asyncValids": [],
        "tips": "请输入"
      }, {
        "placeholder": "离职前置审批人",
        "key": "lzqzspr",
        "value": "",
        "selector": "",
        "isHidden": true,
        "readonly": false,
        "disable": false,
        "valids": [],
        "asyncValids": [],
        "tips": "请输入"
      }, {
        "placeholder": "HRBP\/招聘人1",
        "key": "hrbpzpr1",
        "value": "06645",
        "selector": "",
        "isHidden": true,
        "readonly": true,
        "disable": false,
        "valids": [],
        "asyncValids": [],
        "tips": "请输入"
      }, {
        "placeholder": "HRBP\/招聘人2",
        "key": "hrbpzpr2",
        "value": "06805",
        "selector": "",
        "isHidden": true,
        "readonly": true,
        "disable": false,
        "valids": [],
        "asyncValids": [],
        "tips": "请输入"
      }, {
        "placeholder": "HRBP\/招聘人3",
        "key": "hrbpzpr3",
        "value": "",
        "selector": "",
        "isHidden": true,
        "readonly": true,
        "disable": false,
        "valids": [],
        "asyncValids": [],
        "tips": "请输入"
      }],
      "hidden": false
    }, {
      "name": "系统信息",
      "expanded": 1,
      "fieldArray": [{
        "placeholder": "创建用户",
        "key": "createuser",
        "value": "01489",
        "selector": "input",
        "isHidden": true,
        "readonly": true,
        "disable": false,
        "valids": [],
        "asyncValids": [],
        "tips": "请输入"
      }, {
        "placeholder": "创建用户姓名",
        "key": "cjyhxm",
        "value": "王贞莹",
        "selector": "input",
        "isHidden": false,
        "readonly": true,
        "disable": false,
        "valids": [],
        "asyncValids": [],
        "tips": "请输入"
      }, {
        "placeholder": "创建日期",
        "key": "created_at",
        "value": "2020-12-01 20:55:48",
        "selector": "datetime",
        "isHidden": false,
        "readonly": true,
        "disable": false,
        "valids": [],
        "asyncValids": [],
        "tips": "请输入",
        "minDate": "",
        "maxDate": ""
      }, {
        "placeholder": "修改用户",
        "key": "modifyuser",
        "value": "18813088776",
        "selector": "input",
        "isHidden": true,
        "readonly": true,
        "disable": false,
        "valids": [],
        "asyncValids": [],
        "tips": "请输入"
      }, {
        "placeholder": "修改用户姓名",
        "key": "xgyhxm",
        "value": "詹欣",
        "selector": "input",
        "isHidden": false,
        "readonly": true,
        "disable": false,
        "valids": [],
        "asyncValids": [],
        "tips": "请输入"
      }, {
        "placeholder": "修改日期",
        "key": "updated_at",
        "value": "2020-12-14 15:12:18",
        "selector": "datetime",
        "isHidden": false,
        "readonly": true,
        "disable": false,
        "valids": [],
        "asyncValids": [],
        "tips": "请输入",
        "minDate": "",
        "maxDate": ""
      }, {
        "placeholder": "组织机构代码",
        "key": "zzjgdm",
        "value": "",
        "selector": "input",
        "isHidden": false,
        "readonly": true,
        "disable": false,
        "valids": [],
        "asyncValids": [],
        "tips": "请输入"
      }, {
        "placeholder": "链接",
        "key": "lianjie",
        "value": "",
        "selector": "",
        "isHidden": true,
        "readonly": true,
        "disable": false,
        "valids": [],
        "asyncValids": [],
        "tips": "请输入"
      }, {
        "placeholder": "所属组",
        "key": "groupname",
        "value": "",
        "selector": "input",
        "isHidden": true,
        "readonly": true,
        "disable": false,
        "valids": [],
        "asyncValids": [],
        "tips": "请输入"
      }, {
        "placeholder": "建档日期",
        "key": "jdrq",
        "value": "",
        "selector": "datetime",
        "isHidden": true,
        "readonly": false,
        "disable": false,
        "valids": [],
        "asyncValids": [],
        "tips": "请输入",
        "minDate": "",
        "maxDate": ""
      }, {
        "placeholder": "审批状态",
        "key": "spzt",
        "value": "4",
        "selector": "input",
        "isHidden": true,
        "readonly": false,
        "disable": false,
        "valids": [],
        "asyncValids": [],
        "tips": "请输入",
        "valueArray": [{
          "name": "审批中",
          "value": "1"
        }, {
          "name": "驳回",
          "value": "2"
        }, {
          "name": "归档",
          "value": "3"
        }, {
          "name": "未发起",
          "value": "4"
        }]
      }, {
        "placeholder": "类别",
        "key": "leibie",
        "value": "员工档案",
        "selector": "",
        "isHidden": true,
        "readonly": false,
        "disable": false,
        "valids": [],
        "asyncValids": [],
        "tips": "请输入",
        "valueArray": [{
          "name": "员工档案",
          "value": "员工档案"
        }, {
          "name": "员工信息",
          "value": "员工信息"
        }]
      }, {
        "placeholder": "暂存状态",
        "key": "tempsave",
        "value": "",
        "selector": "input",
        "isHidden": true,
        "readonly": true,
        "disable": false,
        "valids": [],
        "asyncValids": [],
        "tips": "请输入"
      }, {
        "placeholder": "是否离职审计",
        "key": "sflzsj",
        "value": "",
        "selector": "select",
        "isHidden": true,
        "readonly": false,
        "disable": false,
        "valids": [],
        "asyncValids": [],
        "tips": "请输入",
        "valueArray": [{
          "name": "是",
          "value": "是"
        }, {
          "name": "否",
          "value": "否"
        }]
      }, {
        "placeholder": "是否提交",
        "key": "sftj",
        "value": "",
        "selector": "",
        "isHidden": true,
        "readonly": false,
        "disable": false,
        "valids": [],
        "asyncValids": [],
        "tips": "请输入",
        "valueArray": [{
          "name": "是",
          "value": "是"
        }, {
          "name": "否",
          "value": "否"
        }]
      }],
      "hidden": false
    }],
    "chilerenData": [{
      "hidden": false,
      "add": true,
      "readonly": false,
      "metaData": {
        "primaryKey": "ID",
        "groups": [{
          "name": "基本信息",
          "expanded": 1,
          "fieldArray": [{
            "placeholder": "编号",
            "key": "ID",
            "value": "",
            "selector": "",
            "isHidden": true,
            "readonly": false,
            "disable": false,
            "valids": [],
            "asyncValids": [],
            "tips": "请输入"
          }, {
            "placeholder": "序号",
            "key": "serial",
            "value": "",
            "selector": "",
            "isHidden": false,
            "readonly": false,
            "disable": false,
            "valids": [],
            "asyncValids": [],
            "tips": "请输入"
          }, {
            "placeholder": "关系",
            "key": "guanxi",
            "value": "",
            "selector": "input",
            "isHidden": false,
            "readonly": false,
            "disable": false,
            "valids": [],
            "asyncValids": [],
            "tips": "请输入",
            "valueArray": [{
              "name": "弟",
              "value": "弟"
            }, {
              "name": "夫",
              "value": "夫"
            }, {
              "name": "父",
              "value": "父"
            }, {
              "name": "姐",
              "value": "姐"
            }, {
              "name": "妹",
              "value": "妹"
            }, {
              "name": "母",
              "value": "母"
            }, {
              "name": "女",
              "value": "女"
            }, {
              "name": "妻",
              "value": "妻"
            }, {
              "name": "兄",
              "value": "兄"
            }, {
              "name": "子",
              "value": "子"
            }]
          }, {
            "placeholder": "姓名",
            "key": "xingming",
            "value": "",
            "selector": "input",
            "isHidden": false,
            "readonly": false,
            "disable": false,
            "valids": [],
            "asyncValids": [],
            "tips": "请输入"
          }, {
            "placeholder": "年龄",
            "key": "nianling",
            "value": "0",
            "selector": "int",
            "isHidden": false,
            "readonly": false,
            "disable": false,
            "valids": [],
            "asyncValids": [],
            "tips": "请输入"
          }, {
            "placeholder": "工作单位",
            "key": "gzdw",
            "value": "",
            "selector": "input",
            "isHidden": false,
            "readonly": false,
            "disable": false,
            "valids": [],
            "asyncValids": [],
            "tips": "请输入"
          }, {
            "placeholder": "职位",
            "key": "zhiwu",
            "value": "",
            "selector": "input",
            "isHidden": false,
            "readonly": false,
            "disable": false,
            "valids": [],
            "asyncValids": [],
            "tips": "请输入"
          }, {
            "placeholder": "联系电话",
            "key": "lxdh",
            "value": "",
            "selector": "input",
            "isHidden": false,
            "readonly": false,
            "disable": false,
            "valids": [],
            "asyncValids": [],
            "tips": "请输入"
          }, {
            "placeholder": "主表编号",
            "key": "fk",
            "value": "HRDA202012-00004",
            "selector": "",
            "isHidden": true,
            "readonly": false,
            "disable": false,
            "valids": [],
            "asyncValids": [],
            "tips": "请输入"
          }],
          "hidden": false
        }]
      },
      "listData": [{
        "groups": [{
          "name": "基本信息",
          "expanded": 1,
          "fieldArray": [{
            "placeholder": "编号",
            "key": "ID",
            "value": "113",
            "selector": "",
            "isHidden": true,
            "readonly": false,
            "disable": false,
            "valids": [],
            "asyncValids": [],
            "tips": "请输入"
          }, {
            "placeholder": "序号",
            "key": "serial",
            "value": "1.00",
            "selector": "",
            "isHidden": false,
            "readonly": false,
            "disable": false,
            "valids": [],
            "asyncValids": [],
            "tips": "请输入"
          }, {
            "placeholder": "关系",
            "key": "guanxi",
            "value": "弟",
            "selector": "input",
            "isHidden": false,
            "readonly": false,
            "disable": false,
            "valids": [],
            "asyncValids": [],
            "tips": "请输入",
            "valueArray": [{
              "name": "弟",
              "value": "弟"
            }, {
              "name": "夫",
              "value": "夫"
            }, {
              "name": "父",
              "value": "父"
            }, {
              "name": "姐",
              "value": "姐"
            }, {
              "name": "妹",
              "value": "妹"
            }, {
              "name": "母",
              "value": "母"
            }, {
              "name": "女",
              "value": "女"
            }, {
              "name": "妻",
              "value": "妻"
            }, {
              "name": "兄",
              "value": "兄"
            }, {
              "name": "子",
              "value": "子"
            }]
          }, {
            "placeholder": "姓名",
            "key": "xingming",
            "value": "嗯嗯",
            "selector": "input",
            "isHidden": false,
            "readonly": false,
            "disable": false,
            "valids": [],
            "asyncValids": [],
            "tips": "请输入"
          }, {
            "placeholder": "年龄",
            "key": "nianling",
            "value": "12",
            "selector": "int",
            "isHidden": false,
            "readonly": false,
            "disable": false,
            "valids": [],
            "asyncValids": [],
            "tips": "请输入"
          }, {
            "placeholder": "工作单位",
            "key": "gzdw",
            "value": "搜索",
            "selector": "input",
            "isHidden": false,
            "readonly": false,
            "disable": false,
            "valids": [],
            "asyncValids": [],
            "tips": "请输入"
          }, {
            "placeholder": "职位",
            "key": "zhiwu",
            "value": "前期",
            "selector": "input",
            "isHidden": false,
            "readonly": false,
            "disable": false,
            "valids": [],
            "asyncValids": [],
            "tips": "请输入"
          }, {
            "placeholder": "联系电话",
            "key": "lxdh",
            "value": "18712345678",
            "selector": "input",
            "isHidden": false,
            "readonly": false,
            "disable": false,
            "valids": [],
            "asyncValids": [],
            "tips": "请输入"
          }, {
            "placeholder": "主表编号",
            "key": "fk",
            "value": "HRDA202012-00004",
            "selector": "",
            "isHidden": true,
            "readonly": false,
            "disable": false,
            "valids": [],
            "asyncValids": [],
            "tips": "请输入"
          }],
          "hidden": false
        }]
      }, {
        "groups": [{
          "name": "基本信息",
          "expanded": 1,
          "fieldArray": [{
            "placeholder": "编号",
            "key": "ID",
            "value": "114",
            "selector": "",
            "isHidden": true,
            "readonly": false,
            "disable": false,
            "valids": [],
            "asyncValids": [],
            "tips": "请输入"
          }, {
            "placeholder": "序号",
            "key": "serial",
            "value": "2.00",
            "selector": "",
            "isHidden": false,
            "readonly": false,
            "disable": false,
            "valids": [],
            "asyncValids": [],
            "tips": "请输入"
          }, {
            "placeholder": "关系",
            "key": "guanxi",
            "value": "姐",
            "selector": "input",
            "isHidden": false,
            "readonly": false,
            "disable": false,
            "valids": [],
            "asyncValids": [],
            "tips": "请输入",
            "valueArray": [{
              "name": "弟",
              "value": "弟"
            }, {
              "name": "夫",
              "value": "夫"
            }, {
              "name": "父",
              "value": "父"
            }, {
              "name": "姐",
              "value": "姐"
            }, {
              "name": "妹",
              "value": "妹"
            }, {
              "name": "母",
              "value": "母"
            }, {
              "name": "女",
              "value": "女"
            }, {
              "name": "妻",
              "value": "妻"
            }, {
              "name": "兄",
              "value": "兄"
            }, {
              "name": "子",
              "value": "子"
            }]
          }, {
            "placeholder": "姓名",
            "key": "xingming",
            "value": "天天",
            "selector": "input",
            "isHidden": false,
            "readonly": false,
            "disable": false,
            "valids": [],
            "asyncValids": [],
            "tips": "请输入"
          }, {
            "placeholder": "年龄",
            "key": "nianling",
            "value": "24",
            "selector": "int",
            "isHidden": false,
            "readonly": false,
            "disable": false,
            "valids": [],
            "asyncValids": [],
            "tips": "请输入"
          }, {
            "placeholder": "工作单位",
            "key": "gzdw",
            "value": "订单",
            "selector": "input",
            "isHidden": false,
            "readonly": false,
            "disable": false,
            "valids": [],
            "asyncValids": [],
            "tips": "请输入"
          }, {
            "placeholder": "职位",
            "key": "zhiwu",
            "value": "订单",
            "selector": "input",
            "isHidden": false,
            "readonly": false,
            "disable": false,
            "valids": [],
            "asyncValids": [],
            "tips": "请输入"
          }, {
            "placeholder": "联系电话",
            "key": "lxdh",
            "value": "15312345678",
            "selector": "input",
            "isHidden": false,
            "readonly": false,
            "disable": false,
            "valids": [],
            "asyncValids": [],
            "tips": "请输入"
          }, {
            "placeholder": "主表编号",
            "key": "fk",
            "value": "HRDA202012-00004",
            "selector": "",
            "isHidden": true,
            "readonly": false,
            "disable": false,
            "valids": [],
            "asyncValids": [],
            "tips": "请输入"
          }],
          "hidden": false
        }]
      }],
      "moduleName": "t_yuangongxinxi_1",
      "name": "家庭状况"
    }, {
      "hidden": false,
      "add": true,
      "readonly": false,
      "metaData": {
        "primaryKey": "ID",
        "groups": [{
          "name": "基本信息",
          "expanded": 1,
          "fieldArray": [{
            "placeholder": "编号",
            "key": "ID",
            "value": "",
            "selector": "",
            "isHidden": true,
            "readonly": false,
            "disable": false,
            "valids": [],
            "asyncValids": [],
            "tips": "请输入"
          }, {
            "placeholder": "序号",
            "key": "serial",
            "value": "",
            "selector": "",
            "isHidden": false,
            "readonly": false,
            "disable": false,
            "valids": [],
            "asyncValids": [],
            "tips": "请输入"
          }, {
            "placeholder": "开始",
            "key": "kaishi",
            "value": "",
            "selector": "date",
            "isHidden": false,
            "readonly": false,
            "disable": false,
            "valids": [],
            "asyncValids": [],
            "tips": "请输入"
          }, {
            "placeholder": "结束",
            "key": "jieshu",
            "value": "",
            "selector": "date",
            "isHidden": false,
            "readonly": false,
            "disable": false,
            "valids": [],
            "asyncValids": [],
            "tips": "请输入"
          }, {
            "placeholder": "学校",
            "key": "xuexiao",
            "value": "",
            "selector": "input",
            "isHidden": false,
            "readonly": false,
            "disable": false,
            "valids": [],
            "asyncValids": [],
            "tips": "请输入"
          }, {
            "placeholder": "系",
            "key": "xi",
            "value": "",
            "selector": "input",
            "isHidden": false,
            "readonly": false,
            "disable": false,
            "valids": [],
            "asyncValids": [],
            "tips": "请输入"
          }, {
            "placeholder": "专业",
            "key": "zhuanye",
            "value": "",
            "selector": "input",
            "isHidden": false,
            "readonly": false,
            "disable": false,
            "valids": [],
            "asyncValids": [],
            "tips": "请输入"
          }, {
            "placeholder": "学习方式",
            "key": "xxfs",
            "value": "",
            "selector": "select",
            "isHidden": false,
            "readonly": false,
            "disable": false,
            "valids": [],
            "asyncValids": [],
            "tips": "请输入",
            "valueArray": [{
              "name": "全日制",
              "value": "1"
            }, {
              "name": "在职",
              "value": "2"
            }]
          }, {
            "placeholder": "获得证书",
            "key": "hdzs",
            "value": "",
            "selector": "select",
            "isHidden": false,
            "readonly": false,
            "disable": false,
            "valids": [],
            "asyncValids": [],
            "tips": "请输入",
            "valueArray": [{
              "name": "研究生",
              "value": "1"
            }, {
              "name": "本科",
              "value": "2"
            }, {
              "name": "大专",
              "value": "3"
            }, {
              "name": "高中",
              "value": "4"
            }, {
              "name": "初中",
              "value": "5"
            }]
          }, {
            "placeholder": "上传学历",
            "key": "scxl",
            "value": "",
            "selector": "file",
            "isHidden": false,
            "readonly": false,
            "disable": false,
            "valids": [],
            "asyncValids": [],
            "tips": "请输入"
          }, {
            "placeholder": "主表编号",
            "key": "fk",
            "value": "HRDA202012-00004",
            "selector": "",
            "isHidden": true,
            "readonly": false,
            "disable": false,
            "valids": [],
            "asyncValids": [],
            "tips": "请输入"
          }],
          "hidden": false
        }]
      },
      "listData": [{
        "groups": [{
          "name": "基本信息",
          "expanded": 1,
          "fieldArray": [{
            "placeholder": "编号",
            "key": "ID",
            "value": "202",
            "selector": "",
            "isHidden": true,
            "readonly": false,
            "disable": false,
            "valids": [],
            "asyncValids": [],
            "tips": "请输入"
          }, {
            "placeholder": "序号",
            "key": "serial",
            "value": "1.00",
            "selector": "",
            "isHidden": false,
            "readonly": false,
            "disable": false,
            "valids": [],
            "asyncValids": [],
            "tips": "请输入"
          }, {
            "placeholder": "开始",
            "key": "kaishi",
            "value": "2018-1",
            "selector": "yearmonth",
            "isHidden": false,
            "readonly": false,
            "disable": false,
            "valids": [],
            "asyncValids": [],
            "tips": "请输入"
          }, {
            "placeholder": "结束",
            "key": "jieshu",
            "value": "2020-12-14 15:12:18",
            "selector": "datetime",
            "isHidden": false,
            "readonly": false,
            "disable": false,
            "valids": [],
            "asyncValids": [],
            "tips": "请输入"
          }, {
            "placeholder": "学校",
            "key": "xuexiao",
            "value": "一样",
            "selector": "input",
            "isHidden": false,
            "readonly": false,
            "disable": false,
            "valids": [],
            "asyncValids": [],
            "tips": "请输入"
          }, {
            "placeholder": "系",
            "key": "xi",
            "value": "报表",
            "selector": "input",
            "isHidden": false,
            "readonly": false,
            "disable": false,
            "valids": [],
            "asyncValids": [],
            "tips": "请输入"
          }, {
            "placeholder": "专业",
            "key": "zhuanye",
            "value": "报表",
            "selector": "input",
            "isHidden": false,
            "readonly": false,
            "disable": false,
            "valids": [],
            "asyncValids": [],
            "tips": "请输入"
          }, {
            "placeholder": "学习方式",
            "key": "xxfs",
            "value": "1",
            "selector": "select",
            "isHidden": false,
            "readonly": false,
            "disable": false,
            "valids": [],
            "asyncValids": [],
            "tips": "请输入",
            "valueArray": [{
              "name": "全日制",
              "value": "1"
            }, {
              "name": "在职",
              "value": "2"
            }]
          }, {
            "placeholder": "获得证书",
            "key": "hdzs",
            "value": "2",
            "selector": "select",
            "isHidden": false,
            "readonly": false,
            "disable": false,
            "valids": [],
            "asyncValids": [],
            "tips": "请输入",
            "valueArray": [{
              "name": "研究生",
              "value": "1"
            }, {
              "name": "本科",
              "value": "2"
            }, {
              "name": "大专",
              "value": "3"
            }, {
              "name": "高中",
              "value": "4"
            }, {
              "name": "初中",
              "value": "5"
            }]
          }, {
            "placeholder": "上传学历",
            "key": "scxl",
            "value": "http:\/\/edemo.quanzhuyun.com\/uploadfiles\/qjjfwpt_dev\/data\/b7308f9239daf04982a52ae5b9a8886b873998f5.jpg",
            "selector": "file",
            "isHidden": false,
            "readonly": false,
            "disable": false,
            "valids": [],
            "asyncValids": [],
            "tips": "请输入",
            "valueUrl": "http:\/\/edemo.quanzhuyun.com\/uploadfiles\/qjjfwpt_dev\/data\/b7308f9239daf04982a52ae5b9a8886b873998f5.jpg"
          }, {
            "placeholder": "主表编号",
            "key": "fk",
            "value": "HRDA202012-00004",
            "selector": "",
            "isHidden": true,
            "readonly": false,
            "disable": false,
            "valids": [],
            "asyncValids": [],
            "tips": "请输入"
          }],
          "hidden": false
        }]
      }, {
        "groups": [{
          "name": "基本信息",
          "expanded": 1,
          "fieldArray": [{
            "placeholder": "编号",
            "key": "ID",
            "value": "203",
            "selector": "",
            "isHidden": true,
            "readonly": false,
            "disable": false,
            "valids": [],
            "asyncValids": [],
            "tips": "请输入"
          }, {
            "placeholder": "序号",
            "key": "serial",
            "value": "2.00",
            "selector": "",
            "isHidden": false,
            "readonly": false,
            "disable": false,
            "valids": [],
            "asyncValids": [],
            "tips": "请输入"
          }, {
            "placeholder": "开始",
            "key": "kaishi",
            "value": "2000-1-1",
            "selector": "date",
            "isHidden": false,
            "readonly": false,
            "disable": false,
            "valids": [],
            "asyncValids": [],
            "tips": "请输入"
          }, {
            "placeholder": "结束",
            "key": "jieshu",
            "value": "2004-1-1",
            "selector": "date",
            "isHidden": false,
            "readonly": false,
            "disable": false,
            "valids": [],
            "asyncValids": [],
            "tips": "请输入"
          }, {
            "placeholder": "学校",
            "key": "xuexiao",
            "value": "一样",
            "selector": "input",
            "isHidden": false,
            "readonly": false,
            "disable": false,
            "valids": [],
            "asyncValids": [],
            "tips": "请输入"
          }, {
            "placeholder": "系",
            "key": "xi",
            "value": "订单",
            "selector": "input",
            "isHidden": false,
            "readonly": false,
            "disable": false,
            "valids": [],
            "asyncValids": [],
            "tips": "请输入"
          }, {
            "placeholder": "专业",
            "key": "zhuanye",
            "value": "嗯嗯",
            "selector": "input",
            "isHidden": false,
            "readonly": false,
            "disable": false,
            "valids": [],
            "asyncValids": [],
            "tips": "请输入"
          }, {
            "placeholder": "学习方式",
            "key": "xxfs",
            "value": "1",
            "selector": "select",
            "isHidden": false,
            "readonly": false,
            "disable": false,
            "valids": [],
            "asyncValids": [],
            "tips": "请输入",
            "valueArray": [{
              "name": "全日制",
              "value": "1"
            }, {
              "name": "在职",
              "value": "2"
            }]
          }, {
            "placeholder": "获得证书",
            "key": "hdzs",
            "value": "2",
            "selector": "select",
            "isHidden": false,
            "readonly": false,
            "disable": false,
            "valids": [],
            "asyncValids": [],
            "tips": "请输入",
            "valueArray": [{
              "name": "研究生",
              "value": "1"
            }, {
              "name": "本科",
              "value": "2"
            }, {
              "name": "大专",
              "value": "3"
            }, {
              "name": "高中",
              "value": "4"
            }, {
              "name": "初中",
              "value": "5"
            }]
          }, {
            "placeholder": "上传学历",
            "key": "scxl",
            "value": "http:\/\/edemo.quanzhuyun.com\/uploadfiles\/qjjfwpt_dev\/data\/56cf163fea0a0cbb81a177f829da9de36dbf6eee.jpg",
            "selector": "file",
            "isHidden": false,
            "readonly": false,
            "disable": false,
            "valids": [],
            "asyncValids": [],
            "tips": "请输入",
            "valueUrl": "http:\/\/edemo.quanzhuyun.com\/uploadfiles\/qjjfwpt_dev\/data\/56cf163fea0a0cbb81a177f829da9de36dbf6eee.jpg"
          }, {
            "placeholder": "主表编号",
            "key": "fk",
            "value": "HRDA202012-00004",
            "selector": "",
            "isHidden": true,
            "readonly": false,
            "disable": false,
            "valids": [],
            "asyncValids": [],
            "tips": "请输入"
          }],
          "hidden": false
        }]
      }],
      "moduleName": "t_yuangongxinxi_2",
      "name": "教育经历"
    }, {
      "hidden": false,
      "add": true,
      "readonly": false,
      "metaData": {
        "primaryKey": "ID",
        "groups": [{
          "name": "基本信息",
          "expanded": 1,
          "fieldArray": [{
            "placeholder": "编号",
            "key": "ID",
            "value": "",
            "selector": "",
            "isHidden": true,
            "readonly": false,
            "disable": false,
            "valids": [],
            "asyncValids": [],
            "tips": "请输入"
          }, {
            "placeholder": "序号",
            "key": "serial",
            "value": "",
            "selector": "",
            "isHidden": false,
            "readonly": false,
            "disable": false,
            "valids": [],
            "asyncValids": [],
            "tips": "请输入"
          }, {
            "placeholder": "开始",
            "key": "kaishi",
            "value": "",
            "selector": "yearmonth",
            "isHidden": false,
            "readonly": false,
            "disable": false,
            "valids": [],
            "asyncValids": [],
            "tips": "请输入"
          }, {
            "placeholder": "结束",
            "key": "jieshu",
            "value": "",
            "selector": "yearmonth",
            "isHidden": false,
            "readonly": false,
            "disable": false,
            "valids": [],
            "asyncValids": [],
            "tips": "请输入"
          }, {
            "placeholder": "工作单位(从最近单位开始写)",
            "key": "gzdw",
            "value": "",
            "selector": "input",
            "isHidden": false,
            "readonly": false,
            "disable": false,
            "valids": [],
            "asyncValids": [],
            "tips": "请输入"
          }, {
            "placeholder": "岗位",
            "key": "gangwei",
            "value": "",
            "selector": "input",
            "isHidden": false,
            "readonly": false,
            "disable": false,
            "valids": [],
            "asyncValids": [],
            "tips": "请输入"
          }, {
            "placeholder": "职务",
            "key": "zhiwu",
            "value": "",
            "selector": "input",
            "isHidden": false,
            "readonly": false,
            "disable": false,
            "valids": [],
            "asyncValids": [],
            "tips": "请输入"
          }, {
            "placeholder": "联系人",
            "key": "lianxiren",
            "value": "",
            "selector": "input",
            "isHidden": false,
            "readonly": false,
            "disable": false,
            "valids": [],
            "asyncValids": [],
            "tips": "请输入"
          }, {
            "placeholder": "联系人电话",
            "key": "lxrdh",
            "value": "",
            "selector": "input",
            "isHidden": false,
            "readonly": false,
            "disable": false,
            "valids": [],
            "asyncValids": [],
            "tips": "请输入"
          }, {
            "placeholder": "主表编号",
            "key": "fk",
            "value": "HRDA202012-00004",
            "selector": "",
            "isHidden": true,
            "readonly": false,
            "disable": false,
            "valids": [],
            "asyncValids": [],
            "tips": "请输入"
          }],
          "hidden": false
        }]
      },
      "listData": [],
      "moduleName": "t_yuangongxinxi_3",
      "name": "工作经历"
    }, {
      "hidden": false,
      "add": true,
      "readonly": false,
      "metaData": {
        "primaryKey": "ID",
        "groups": [{
          "name": "基本信息",
          "expanded": 1,
          "fieldArray": [{
            "placeholder": "编号",
            "key": "ID",
            "value": "",
            "selector": "",
            "isHidden": true,
            "readonly": false,
            "disable": false,
            "valids": [],
            "asyncValids": [],
            "tips": "请输入"
          }, {
            "placeholder": "序号",
            "key": "serial",
            "value": "",
            "selector": "",
            "isHidden": false,
            "readonly": false,
            "disable": false,
            "valids": [],
            "asyncValids": [],
            "tips": "请输入"
          }, {
            "placeholder": "取证日期",
            "key": "quzhengriqi",
            "value": "",
            "selector": "date",
            "isHidden": false,
            "readonly": false,
            "disable": false,
            "valids": [],
            "asyncValids": [],
            "tips": "请输入"
          }, {
            "placeholder": "证书名称",
            "key": "zsmc",
            "value": "",
            "selector": "input",
            "isHidden": false,
            "readonly": false,
            "disable": false,
            "valids": [],
            "asyncValids": [],
            "tips": "请输入"
          }, {
            "placeholder": "发证机构",
            "key": "fzjg",
            "value": "",
            "selector": "input",
            "isHidden": false,
            "readonly": false,
            "disable": false,
            "valids": [],
            "asyncValids": [],
            "tips": "请输入"
          }, {
            "placeholder": "专业",
            "key": "zhuanye",
            "value": "",
            "selector": "input",
            "isHidden": false,
            "readonly": false,
            "disable": false,
            "valids": [],
            "asyncValids": [],
            "tips": "请输入"
          }, {
            "placeholder": "上传证书",
            "key": "sczs",
            "value": "",
            "selector": "",
            "isHidden": false,
            "readonly": false,
            "disable": false,
            "valids": [],
            "asyncValids": [],
            "tips": "请输入"
          }, {
            "placeholder": "挂靠地",
            "key": "guakaode",
            "value": "",
            "selector": "input",
            "isHidden": true,
            "readonly": false,
            "disable": false,
            "valids": [],
            "asyncValids": [],
            "tips": "请输入"
          }, {
            "placeholder": "主表编号",
            "key": "fk",
            "value": "HRDA202012-00004",
            "selector": "",
            "isHidden": true,
            "readonly": false,
            "disable": false,
            "valids": [],
            "asyncValids": [],
            "tips": "请输入"
          }],
          "hidden": false
        }]
      },
      "listData": [],
      "moduleName": "t_yuangongxinxi_4",
      "name": "资格证书"
    }]
  }
}
