{
    "data": {
        "searchData": {},
        "Current_Data": {
            "ID": "EJXS2020-000252",
            "htbh": "",
            "fztd": "",
            "fuzeren": "",
            "suozaiquyu": "",
            "sfzb": "0",
            "sfgjxm": "",
            "zddbh": "",
            "xsddlx": "1",
            "ywlx": "",
            "sfxylx": "",
            "xmbh": "",
            "kfbh": "",
            "xmmc": "",
            "khbh": "",
            "htjf": "",
            "htyf": "EJJF2019-0002",
            "shouhuoren": "",
            "shouji": "",
            "shuliang": "0",
            "gddh": "",
            "fwbh": "",
            "sheng": "",
            "shi": "",
            "quxian": "",
            "lpbh": "",
            "zhuanghao": "",
            "fangjianhao": "",
            "fangxing": "",
            "mianji": "",
            "xxdz": "",
            "ssfa": "",
            "xsbl": "1",
            "fcxsbl": "0",
            "rgxsbl": "0",
            "cplx": "",
            "fkjh": "",
            "jdmb": "",
            "ddlx": "1",
            "fapiao": "1",
            "fptt": "",
            "shfs": "",
            "htlx": "1",
            "htqdrq": "2020-03-04",
            "htfj": "",
            "htspg": "",
            "yjkgsj": "",
            "shrq": "",
            "wcsj": "",
            "sfsnbfb": "0",
            "eashtbh": "",
            "nbczqf": "0",
            "nbhtqrd": "",
            "htxz": "1",
            "zhtbjcz": "",
            "zhtjczzt": "",
            "kehuliuyan": "",
            "beizhu": "",
            "ddzt": "0",
            "ddjd": "0",
            "skzt": "0",
            "zxbzy": "",
            "xmztl": "0",
            "qzxdqtl": "0",
            "qzxhxtl": "0",
            "tujianjindu": "",
            "ybfslcsfwc": "",
            "ywsl": "",
            "chanpinjine": "0.00",
            "guanlifei": "0",
            "youhuijine": "0",
            "ebidikou": "0",
            "hetongjine": "0",
            "yingfujine": "",
            "chanzhijine": "0.00",
            "jsje": "0",
            "dingjin": "0",
            "yunfei": "0",
            "xsbh": "",
            "ywbk": "",
            "bkfzr": "",
            "groupname": "",
            "shejishi": "",
            "cpsjs": "",
            "khgj": "",
            "xmjl": "",
            "xmgj": "",
            "htjsje": "0",
            "dqsk": "0",
            "skmc": "",
            "cjsj": "2020-03-04",
            "updated_at": "2020-03-04",
            "shsj": "2020-03-04",
            "jdrq": "",
            "tkje": "0",
            "zflx": "",
            "ddcc": "",
            "createuser": "15002122253",
            "modifyuser": "15002122253"
        },
        "token": "a0b2e8e47a6039fdd24a249a52d0024f61660c8a",
        "username": "15002122253",
        "SAAS_DB_AUTH": "",
        "Super_Pass": 1
    }
}