{
  "status": 1,
  "msg": "",
  "payload": {
    "isAdd": true,
    "listData": [{
      "id": "HZCC202011-000003",
      "pic": [],
      "cols": "4",
      "isDel": true,
      "isEdit": true,
      "approveStatus": 0,
      "itemData": [{
        "name": "审核编号",
        "value": "HZCC202011-000003",
        "selector": "display-default",
        "colspan": "3",
        "colName": "ID"
      }, {
        "name": "销售合同编号",
        "value": "202251SJ0246",
        "selector": "display-default",
        "colspan": "2",
        "colName": "ddbh"
      }, {
        "name": "客户姓名",
        "value": "吴怡",
        "selector": "display-default",
        "colspan": "2",
        "colName": "khbh"
      }, {
        "name": "客户手机",
        "value": "13686522588",
        "selector": "display-mobile",
        "colspan": "2",
        "colName": "kehushouji"
      }, {
        "name": "楼盘",
        "value": "仁恒滨江",
        "selector": "display-default",
        "colspan": "2",
        "colName": "lpbh"
      }, {
        "name": "地址",
        "value": "浦明路99弄8号3202室",
        "selector": "display-default",
        "colspan": "4",
        "colName": "xxdz"
      }, {
        "name": "预计开工日期",
        "value": "2020-08-24",
        "selector": "display-datetime",
        "colspan": "2",
        "colName": "yjkgsj"
      }],
      "Goto_Module": "dingdanchengce"
    }, {
      "id": "HZCC202011-000001",
      "pic": [],
      "cols": "4",
      "isDel": true,
      "isEdit": true,
      "approveStatus": 4,
      "itemData": [{
        "name": "审核编号",
        "value": "HZCC202011-000001",
        "selector": "display-default",
        "colspan": "3",
        "colName": "ID"
      }, {
        "name": "销售合同编号",
        "value": "202251SJ0253",
        "selector": "display-default",
        "colspan": "2",
        "colName": "ddbh"
      }, {
        "name": "客户姓名",
        "value": "覃姗1101测试2",
        "selector": "display-default",
        "colspan": "2",
        "colName": "khbh"
      }, {
        "name": "客户手机",
        "value": "15326272721",
        "selector": "display-mobile",
        "colspan": "2",
        "colName": "kehushouji"
      }, {
        "name": "楼盘",
        "value": "",
        "selector": "display-default",
        "colspan": "2",
        "colName": "lpbh"
      }, {
        "name": "地址",
        "value": "1101测试详细地址",
        "selector": "display-default",
        "colspan": "4",
        "colName": "xxdz"
      }, {
        "name": "预计开工日期",
        "value": "2020-11-09",
        "selector": "display-datetime",
        "colspan": "2",
        "colName": "yjkgsj"
      }],
      "Goto_Module": "dingdanchengce"
    }, {
      "id": "HZCC202010-000001",
      "pic": [],
      "cols": "4",
      "isDel": true,
      "isEdit": true,
      "approveStatus": 2,
      "itemData": [{
        "name": "审核编号",
        "value": "HZCC202010-000001",
        "selector": "display-default",
        "colspan": "3",
        "colName": "ID"
      }, {
        "name": "销售合同编号",
        "value": "202251SJ0236",
        "selector": "display-default",
        "colspan": "2",
        "colName": "ddbh"
      }, {
        "name": "客户姓名",
        "value": "王总",
        "selector": "display-default",
        "colspan": "2",
        "colName": "khbh"
      }, {
        "name": "客户手机",
        "value": "18916132354",
        "selector": "display-mobile",
        "colspan": "2",
        "colName": "kehushouji"
      }, {
        "name": "楼盘",
        "value": "檀宫",
        "selector": "display-default",
        "colspan": "2",
        "colName": "lpbh"
      }, {
        "name": "地址",
        "value": "青溪路555弄1号",
        "selector": "display-default",
        "colspan": "4",
        "colName": "xxdz"
      }, {
        "name": "预计开工日期",
        "value": "2020-10-30",
        "selector": "display-datetime",
        "colspan": "2",
        "colName": "yjkgsj"
      }],
      "Goto_Module": "dingdanchengce"
    }, {
      "id": "HZCC202008-000004",
      "pic": [],
      "cols": "4",
      "isDel": true,
      "isEdit": true,
      "approveStatus": 1,
      "itemData": [{
        "name": "审核编号",
        "value": "HZCC202008-000004",
        "selector": "display-default",
        "colspan": "3",
        "colName": "ID"
      }, {
        "name": "销售合同编号",
        "value": "202251SG0227",
        "selector": "display-default",
        "colspan": "2",
        "colName": "ddbh"
      }, {
        "name": "客户姓名",
        "value": "戴玉萍",
        "selector": "display-default",
        "colspan": "2",
        "colName": "khbh"
      }, {
        "name": "客户手机",
        "value": "13817825695",
        "selector": "display-mobile",
        "colspan": "2",
        "colName": "kehushouji"
      }, {
        "name": "楼盘",
        "value": "望江苑",
        "selector": "display-default",
        "colspan": "2",
        "colName": "lpbh"
      }, {
        "name": "地址",
        "value": "黄浦区高雄路189号2706室",
        "selector": "display-default",
        "colspan": "4",
        "colName": "xxdz"
      }, {
        "name": "预计开工日期",
        "value": "2020-07-08",
        "selector": "display-datetime",
        "colspan": "2",
        "colName": "yjkgsj"
      }],
      "Goto_Module": "dingdanchengce"
    }, {
      "id": "HZCC202008-000003",
      "pic": [],
      "cols": "4",
      "isDel": false,
      "isEdit": false,
      "approveStatus": 3,
      "itemData": [{
        "name": "审核编号",
        "value": "HZCC202008-000003",
        "selector": "display-default",
        "colspan": "3",
        "colName": "ID"
      }, {
        "name": "销售合同编号",
        "value": "202251SG0201-ZB-001",
        "selector": "display-default",
        "colspan": "2",
        "colName": "ddbh"
      }, {
        "name": "客户姓名",
        "value": "其实",
        "selector": "display-default",
        "colspan": "2",
        "colName": "khbh"
      }, {
        "name": "客户手机",
        "value": "15921716656",
        "selector": "display-mobile",
        "colspan": "2",
        "colName": "kehushouji"
      }, {
        "name": "楼盘",
        "value": "虹桥路538号",
        "selector": "display-default",
        "colspan": "2",
        "colName": "lpbh"
      }, {
        "name": "地址",
        "value": "虹桥路538号",
        "selector": "display-default",
        "colspan": "4",
        "colName": "xxdz"
      }, {
        "name": "预计开工日期",
        "value": "2020-07-01",
        "selector": "display-datetime",
        "colspan": "2",
        "colName": "yjkgsj"
      }],
      "Goto_Module": "dingdanchengce"
    }, {
      "id": "HZCC202008-000002",
      "pic": [],
      "cols": "4",
      "isDel": true,
      "isEdit": true,
      "approveStatus": 0,
      "itemData": [{
        "name": "审核编号",
        "value": "HZCC202008-000002",
        "selector": "display-default",
        "colspan": "3",
        "colName": "ID"
      }, {
        "name": "销售合同编号",
        "value": "202251SG0224",
        "selector": "display-default",
        "colspan": "2",
        "colName": "ddbh"
      }, {
        "name": "客户姓名",
        "value": "张海若",
        "selector": "display-default",
        "colspan": "2",
        "colName": "khbh"
      }, {
        "name": "客户手机",
        "value": "18805365080",
        "selector": "display-mobile",
        "colspan": "2",
        "colName": "kehushouji"
      }, {
        "name": "楼盘",
        "value": "首创天悦",
        "selector": "display-default",
        "colspan": "2",
        "colName": "lpbh"
      }, {
        "name": "地址",
        "value": "通北路315弄12号102室",
        "selector": "display-default",
        "colspan": "4",
        "colName": "xxdz"
      }, {
        "name": "预计开工日期",
        "value": "2020-08-01",
        "selector": "display-datetime",
        "colspan": "2",
        "colName": "yjkgsj"
      }],
      "Goto_Module": "dingdanchengce"
    }, {
      "id": "HZCC202008-000001",
      "pic": [],
      "cols": "4",
      "isDel": false,
      "isEdit": false,
      "approveStatus": 1,
      "itemData": [{
        "name": "审核编号",
        "value": "HZCC202008-000001",
        "selector": "display-default",
        "colspan": "3",
        "colName": "ID"
      }, {
        "name": "销售合同编号",
        "value": "202251SJ0221",
        "selector": "display-default",
        "colspan": "2",
        "colName": "ddbh"
      }, {
        "name": "客户姓名",
        "value": "邢峻",
        "selector": "display-default",
        "colspan": "2",
        "colName": "khbh"
      }, {
        "name": "客户手机",
        "value": "13668563256",
        "selector": "display-mobile",
        "colspan": "2",
        "colName": "kehushouji"
      }, {
        "name": "楼盘",
        "value": "龙湖滟澜山",
        "selector": "display-default",
        "colspan": "2",
        "colName": "lpbh"
      }, {
        "name": "地址",
        "value": "嘉松中路6788弄158号",
        "selector": "display-default",
        "colspan": "4",
        "colName": "xxdz"
      }, {
        "name": "预计开工日期",
        "value": "2020-08-01",
        "selector": "display-datetime",
        "colspan": "2",
        "colName": "yjkgsj"
      }],
      "Goto_Module": "dingdanchengce"
    }, {
      "id": "HZCC202007-000010",
      "pic": [],
      "cols": "4",
      "isDel": true,
      "isEdit": true,
      "approveStatus": 0,
      "itemData": [{
        "name": "审核编号",
        "value": "HZCC202007-000010",
        "selector": "display-default",
        "colspan": "3",
        "colName": "ID"
      }, {
        "name": "销售合同编号",
        "value": "202251SG0212",
        "selector": "display-default",
        "colspan": "2",
        "colName": "ddbh"
      }, {
        "name": "客户姓名",
        "value": "蔡李范",
        "selector": "display-default",
        "colspan": "2",
        "colName": "khbh"
      }, {
        "name": "客户手机",
        "value": "13801697847",
        "selector": "display-mobile",
        "colspan": "2",
        "colName": "kehushouji"
      }, {
        "name": "楼盘",
        "value": "琥珀别墅",
        "selector": "display-default",
        "colspan": "2",
        "colName": "lpbh"
      }, {
        "name": "地址",
        "value": "虹桥路2384号2号楼",
        "selector": "display-default",
        "colspan": "4",
        "colName": "xxdz"
      }, {
        "name": "预计开工日期",
        "value": "2018-05-29",
        "selector": "display-datetime",
        "colspan": "2",
        "colName": "yjkgsj"
      }],
      "Goto_Module": "dingdanchengce"
    }, {
      "id": "HZCC202007-000009",
      "pic": [],
      "cols": "4",
      "isDel": false,
      "isEdit": false,
      "approveStatus": 1,
      "itemData": [{
        "name": "审核编号",
        "value": "HZCC202007-000009",
        "selector": "display-default",
        "colspan": "3",
        "colName": "ID"
      }, {
        "name": "销售合同编号",
        "value": "202251SJ0220",
        "selector": "display-default",
        "colspan": "2",
        "colName": "ddbh"
      }, {
        "name": "客户姓名",
        "value": "刘先生",
        "selector": "display-default",
        "colspan": "2",
        "colName": "khbh"
      }, {
        "name": "客户手机",
        "value": "13901655601",
        "selector": "display-mobile",
        "colspan": "2",
        "colName": "kehushouji"
      }, {
        "name": "楼盘",
        "value": "国际丽都",
        "selector": "display-default",
        "colspan": "2",
        "colName": "lpbh"
      }, {
        "name": "地址",
        "value": "北京西路758弄18号12A03室",
        "selector": "display-default",
        "colspan": "4",
        "colName": "xxdz"
      }, {
        "name": "预计开工日期",
        "value": "2020-07-28",
        "selector": "display-datetime",
        "colspan": "2",
        "colName": "yjkgsj"
      }],
      "Goto_Module": "dingdanchengce"
    }, {
      "id": "HZCC202007-000008",
      "pic": [],
      "cols": "4",
      "isDel": true,
      "isEdit": true,
      "approveStatus": 0,
      "itemData": [{
        "name": "审核编号",
        "value": "HZCC202007-000008",
        "selector": "display-default",
        "colspan": "3",
        "colName": "ID"
      }, {
        "name": "销售合同编号",
        "value": "182251SG007-ZB-001",
        "selector": "display-default",
        "colspan": "2",
        "colName": "ddbh"
      }, {
        "name": "客户姓名",
        "value": "蔡李范",
        "selector": "display-default",
        "colspan": "2",
        "colName": "khbh"
      }, {
        "name": "客户手机",
        "value": "13800000000",
        "selector": "display-mobile",
        "colspan": "2",
        "colName": "kehushouji"
      }, {
        "name": "楼盘",
        "value": "",
        "selector": "display-default",
        "colspan": "2",
        "colName": "lpbh"
      }, {
        "name": "地址",
        "value": "虹桥路2384号2号楼",
        "selector": "display-default",
        "colspan": "4",
        "colName": "xxdz"
      }, {
        "name": "预计开工日期",
        "value": "2018-05-29",
        "selector": "display-datetime",
        "colspan": "2",
        "colName": "yjkgsj"
      }],
      "Goto_Module": "dingdanchengce"
    }, {
      "id": "HZCC202007-000007",
      "pic": [],
      "cols": "4",
      "isDel": true,
      "isEdit": true,
      "approveStatus": 0,
      "itemData": [{
        "name": "审核编号",
        "value": "HZCC202007-000007",
        "selector": "display-default",
        "colspan": "3",
        "colName": "ID"
      }, {
        "name": "销售合同编号",
        "value": "202251SJ0213",
        "selector": "display-default",
        "colspan": "2",
        "colName": "ddbh"
      }, {
        "name": "客户姓名",
        "value": "张海若",
        "selector": "display-default",
        "colspan": "2",
        "colName": "khbh"
      }, {
        "name": "客户手机",
        "value": "18805365080",
        "selector": "display-mobile",
        "colspan": "2",
        "colName": "kehushouji"
      }, {
        "name": "楼盘",
        "value": "首创天悦",
        "selector": "display-default",
        "colspan": "2",
        "colName": "lpbh"
      }, {
        "name": "地址",
        "value": "通北路315弄12号102室",
        "selector": "display-default",
        "colspan": "4",
        "colName": "xxdz"
      }, {
        "name": "预计开工日期",
        "value": "2020-07-13",
        "selector": "display-datetime",
        "colspan": "2",
        "colName": "yjkgsj"
      }],
      "Goto_Module": "dingdanchengce"
    }, {
      "id": "HZCC202007-000006",
      "pic": [],
      "cols": "4",
      "isDel": true,
      "isEdit": true,
      "approveStatus": 0,
      "itemData": [{
        "name": "审核编号",
        "value": "HZCC202007-000006",
        "selector": "display-default",
        "colspan": "3",
        "colName": "ID"
      }, {
        "name": "销售合同编号",
        "value": "192251SG006-ZB-001",
        "selector": "display-default",
        "colspan": "2",
        "colName": "ddbh"
      }, {
        "name": "客户姓名",
        "value": "于婧",
        "selector": "display-default",
        "colspan": "2",
        "colName": "khbh"
      }, {
        "name": "客户手机",
        "value": "11111111111",
        "selector": "display-mobile",
        "colspan": "2",
        "colName": "kehushouji"
      }, {
        "name": "楼盘",
        "value": "",
        "selector": "display-default",
        "colspan": "2",
        "colName": "lpbh"
      }, {
        "name": "地址",
        "value": "虹桥路3131号70幢",
        "selector": "display-default",
        "colspan": "4",
        "colName": "xxdz"
      }, {
        "name": "预计开工日期",
        "value": "2019-03-18",
        "selector": "display-datetime",
        "colspan": "2",
        "colName": "yjkgsj"
      }],
      "Goto_Module": "dingdanchengce"
    }, {
      "id": "HZCC202007-000005",
      "pic": [],
      "cols": "4",
      "isDel": true,
      "isEdit": true,
      "approveStatus": 0,
      "itemData": [{
        "name": "审核编号",
        "value": "HZCC202007-000005",
        "selector": "display-default",
        "colspan": "3",
        "colName": "ID"
      }, {
        "name": "销售合同编号",
        "value": "202251SG0206N",
        "selector": "display-default",
        "colspan": "2",
        "colName": "ddbh"
      }, {
        "name": "客户姓名",
        "value": "上海全筑建筑装饰集团股份有限公司",
        "selector": "display-default",
        "colspan": "2",
        "colName": "khbh"
      }, {
        "name": "客户手机",
        "value": "11111111112",
        "selector": "display-mobile",
        "colspan": "2",
        "colName": "kehushouji"
      }, {
        "name": "楼盘",
        "value": "",
        "selector": "display-default",
        "colspan": "2",
        "colName": "lpbh"
      }, {
        "name": "地址",
        "value": "泰成商务楼10楼",
        "selector": "display-default",
        "colspan": "4",
        "colName": "xxdz"
      }, {
        "name": "预计开工日期",
        "value": "2020-07-01",
        "selector": "display-datetime",
        "colspan": "2",
        "colName": "yjkgsj"
      }],
      "Goto_Module": "dingdanchengce"
    }, {
      "id": "HZCC202007-000004",
      "pic": [],
      "cols": "4",
      "isDel": false,
      "isEdit": false,
      "approveStatus": 3,
      "itemData": [{
        "name": "审核编号",
        "value": "HZCC202007-000004",
        "selector": "display-default",
        "colspan": "3",
        "colName": "ID"
      }, {
        "name": "销售合同编号",
        "value": "202251SG0212-BG-001",
        "selector": "display-default",
        "colspan": "2",
        "colName": "ddbh"
      }, {
        "name": "客户姓名",
        "value": "上海通领汽车科技股份有限公司",
        "selector": "display-default",
        "colspan": "2",
        "colName": "khbh"
      }, {
        "name": "客户手机",
        "value": "13000000000",
        "selector": "display-mobile",
        "colspan": "2",
        "colName": "kehushouji"
      }, {
        "name": "楼盘",
        "value": "",
        "selector": "display-default",
        "colspan": "2",
        "colName": "lpbh"
      }, {
        "name": "地址",
        "value": "古爱路228号",
        "selector": "display-default",
        "colspan": "4",
        "colName": "xxdz"
      }, {
        "name": "预计开工日期",
        "value": "2018-02-05",
        "selector": "display-datetime",
        "colspan": "2",
        "colName": "yjkgsj"
      }],
      "Goto_Module": "dingdanchengce"
    }, {
      "id": "HZCC202007-000003",
      "pic": [],
      "cols": "4",
      "isDel": false,
      "isEdit": false,
      "approveStatus": 3,
      "itemData": [{
        "name": "审核编号",
        "value": "HZCC202007-000003",
        "selector": "display-default",
        "colspan": "3",
        "colName": "ID"
      }, {
        "name": "销售合同编号",
        "value": "202251SG0196",
        "selector": "display-default",
        "colspan": "2",
        "colName": "ddbh"
      }, {
        "name": "客户姓名",
        "value": "上海联明新和建筑工程有限公司",
        "selector": "display-default",
        "colspan": "2",
        "colName": "khbh"
      }, {
        "name": "客户手机",
        "value": "13816267002",
        "selector": "display-mobile",
        "colspan": "2",
        "colName": "kehushouji"
      }, {
        "name": "楼盘",
        "value": "御翠园",
        "selector": "display-default",
        "colspan": "2",
        "colName": "lpbh"
      }, {
        "name": "地址",
        "value": "花木路1833弄211号",
        "selector": "display-default",
        "colspan": "4",
        "colName": "xxdz"
      }, {
        "name": "预计开工日期",
        "value": "2020-06-15",
        "selector": "display-datetime",
        "colspan": "2",
        "colName": "yjkgsj"
      }],
      "Goto_Module": "dingdanchengce"
    }],
    "num": 15,
    "title": "",
    "total": 875
  }
}
